88112;CRITERIUM OLYMPIQUE;06001;2017-03-25;2017-03-26;5A;M2K, OSIR
88113;LES 3 CAPS;06001;2017-04-08;2017-04-09;5B;M2K, OSIR
88114;VIRE VITE;06001;2017-05-01;2017-05-01;5B;M2K, OSIR
88116;LES 3 BAIES;06001;2017-05-07;2017-05-07;5A;M2K, OSIR
88115;L'ANTIPOLIS;06001;2017-05-12;2017-05-13;5B;M2K, OSIR
86429;53eme Croisière Bleue - Crédit Mutuel;06001;2017-05-24;2017-05-28;3;OSIR
88117;ALBA CUP;06001;2017-06-24;2017-06-25;5A;M2K, OSIR
88118;LA COUPE DE LA VILLE D'ANTIBES;06001;2017-09-03;2017-09-03;5B;M2K, OSIR
88119;6 HEURES D'ANTIBES;06001;2017-09-09;2017-09-09;5C;M2K, OSIR
88120;LA CHRETIENNE;06001;2017-09-10;2017-09-10;5B;M2K, OSIR
88121;CLINICUP;06001;2017-09-16;2017-09-17;5C;OSIR
88122;CLINICUP;06001;2017-09-23;2017-09-24;5C;OSIR
88123;COUPE DU CLUB;06001;2017-09-30;2017-10-01;5B;M2K, OSIR
88124;REGATE ROSE;06001;2017-10-22;2017-10-22;5C;OSIR
88125;TROPHEE DES CLUBS;06001;2017-11-04;2017-11-05;5B;M2K, OSIR
88126;LA REGATE DE NOEL;06001;2017-12-16;2017-12-17;5B;M2K, OSIR
86817;Voiles en eau froide;06023;2017-03-04;2017-03-05;5C;OSIR
86818;Avant 1ère de printemps;06023;2017-03-19;2017-03-19;5C;OSIR
86820;Solitaire N°1;06023;2017-04-23;2017-04-23;5C;OSIR
86821;Un Duo en Baie;06023;2017-06-11;2017-06-11;5B;OSIR
86822;Solitaire N°2;06023;2017-10-08;2017-10-08;5C;OSIR
86823;Coupe du Vin Nouveau;06023;2017-11-19;2017-11-19;5C;OSIR
86824;Coupe du Père Noël-Challenge Armand Martini;06023;2017-12-10;2017-12-10;5C;OSIR
86040;Sélective n° 4 / Championnat de Méditerranée;06056;2017-01-07;2017-01-08;4;FC75
86042;Antibes Cup Internationale mixte -Trophée LVDH N°1;06056;2017-02-24;2017-02-26;3;FC75
86043;Finale du Championnat de Méditerranée;06056;2017-03-11;2017-03-12;4;FC75
86045;Sélective Championnat de France Universitaire;06056;2017-04-01;2017-04-02;4;FC75
87689;Sélective Méditerranée / CFMR Espoirs;06056;2017-09-16;2017-09-17;4;FC75
86047;Antibes Cup Internationale Féminines;06056;2017-10-07;2017-10-08;3;FC75
86048;Antibes Cup Internationale - Trophée LVDH N°2;06056;2017-10-13;2017-10-15;3;FC75
86051;Championnat de France de Match Racing Espoirs;06056;2017-11-16;2017-11-19;3;FC75
86053;Sélective n° 3 / Championnat de Méditerranée;06056;2017-12-02;2017-12-03;4;FC75
86735;Coupe du Président Coupe CYCCIT;06004;2017-01-15;2017-01-15;5B;NI80, OSIR, ULTI
86738;Cannes Sailing Cup;06004;2017-03-17;2017-03-19; ;J70, NI80, SB2O, STA
86743;39ème Régates Royales;06004;2017-09-26;2017-09-30;3;08J, 12MJ, 55JI, CIM, IRC, TOF
87049;Coupe d'Hiver des Nitro 80;06004;2017-12-01;2017-12-03;5C;NI80
88084;Régate Départementale Grand Prix du Port de Cannes;06031;2017-02-05;2017-02-05;5B;M2K, OSIR
88085;Régate Départementale Grand Prix de la Ville de Ca;06031;2017-06-11;2017-06-11;5C;M2K, OSIR
88086;Régate Départementale Grand Prix du Beal;06031;2017-11-05;2017-11-05;5C;M2K, OSIR
88087;Régate Départementale Lerina;06031;2017-12-10;2017-12-10;5B;M2K, OSIR
87304;Régate de Bassin Challenge Michel Nivelt;06028;2017-06-03;2017-06-04;5C;OSIR
87305;Régate de Bassin La nuit de la Rague;06028;2017-06-24;2017-06-24;5C;OSIR
87306;Régate de Bassin La coupe des iles;06028;2017-09-02;2017-09-03;5C;OSIR
87307;Régate de Bassin le triangle de la Rague;06028;2017-11-19;2017-11-19;5C;OSIR
81891;NOEL EN DOUBLE;06035;2016-12-18;2016-12-18;5B;OSIR
86378;Coupe DU YACHT CLUB;06013;2017-11-27;2017-11-27;5C;OSIR
87431;Régate de la Baie des Anges;06016;2017-05-21;2017-05-21;5C;OSIR
87432;Régate en double;06016;2017-10-22;2017-10-22;5C;OSIR
87830;Coupe du Grand Est  et championnat départemental;08002;2017-06-18;2017-06-18;5B;IND, OSIR, RCB
87831;13 ème Trophée du coeur de l'Europe;08002;2017-06-24;2017-06-25;5A;F15, MAR, MIC, OSIR
87832;Régate de Club Fête du club;08002;2017-07-02;2017-07-02;5C;INC, IND, OSIR, RCB
87833;Femmes à la Barre Trophée des passionnés 1;08002;2017-07-15;2017-07-15;5C;IND, OSIR
87835;Trophée des passionnés 2;08002;2017-07-29;2017-07-29;5C;IND, OSIR
87837;Trophée des passionnés 3;08002;2017-08-12;2017-08-12;5C;IND, OSIR
87839;Trophée des passionnés 4;08002;2017-08-26;2017-08-26;5C;IND, OSIR
85647;Coupe Nationale Maraudeurs;10001;2017-06-03;2017-06-05;4;MAR
86466;challenge du GYC Etape 1;11007;2017-03-19;2017-03-19;5C;OSIR
86467;Challenge du GYC Etape 2;11007;2017-04-02;2017-04-02;5C;OSIR
86468;Challenge du GYC Etape 3;11007;2017-05-14;2017-05-14;5C;OSIR
86474;100 Milles de l'Aude;11007;2017-06-03;2017-06-05;5B;OSIR
86477;Bordée Gruissanaise;11007;2017-07-02;2017-07-02;5C;OSIR
86469;Challenge du GYC Etape 4;11007;2017-09-02;2017-09-02;5C;OSIR
86475;1 Femme, 1 Homme, 1 Voilier;11007;2017-09-16;2017-09-16;5C;OSIR
86476;La Solo;11007;2017-09-17;2017-09-17;5C;OSIR
86470;Challenge du GYC Etape 5;11007;2017-10-15;2017-10-15;5C;OSIR
86471;Challenge du GYC Etape 6;11007;2017-10-29;2017-10-29;5C;OSIR
86479;Régate;11007;2017-11-11;2017-11-12;5C;OSIR
85978;Trophée Pierre Déjean Etape 1;11001;2017-04-23;2017-04-23;5B;OSIR
85979;Trophée Pierre Déjean Etape 2;11001;2017-05-07;2017-05-07;5B;OSIR
85980;Trophée Pierre Déjean Etape 3 J Vanbleus;11001;2017-06-11;2017-06-11;5B;OSIR
85988;Coupe de Méditerranée Corsaires;11001;2017-06-24;2017-06-25;5A;CLIB, COR
85981;Trophée Pierre Déjean Etape 4;11001;2017-09-10;2017-09-10;5B;OSIR
85987;Tour de France Micros;11001;2017-09-30;2017-10-01;5A;OSIR
85982;Trophée Pierre Déjean Etape 5;11001;2017-10-15;2017-10-15;5B;OSIR
85771;TRAMONTANA CUP;11011;2017-04-29;2017-04-30;5A;OSIR
85776;Trophée Henri de Monfreid;11011;2017-05-13;2017-05-14;5B;OSIR
85780;50 milles de l'Aude;11011;2017-06-17;2017-06-18;5B;OSIR
85781;Coupe Dame de Cezelly;11011;2017-06-24;2017-06-25;5B;OSIR
85783;Coupe SNSM;11011;2017-07-08;2017-07-08;5C;CLIB
85788;6 heures de Leucate;11011;2017-08-12;2017-08-13;5C;CLIB
85789;Coupe des Vendanges;11011;2017-09-16;2017-09-17;5A;OSIR
85791;Trophée Ville de Leucate;11011;2017-10-14;2017-10-15;5B;OSIR
88251;Régate de Bassin;13026;2017-04-23;2017-04-23;5C;OSIR
88149;Régate de Club Challenge d'Hiver 2017;13024;2017-01-08;2017-03-26;5C;OSIR
88150;Régate de Club Printemps du Livre de Cassis;13024;2017-04-23;2017-05-07;5C;OSIR
88151;Régate de Club Challenge Georges Arnaud;13024;2017-09-09;2017-09-24;5C;OSIR
88154;Régate de Club Coupe de l'UNION 2017;13024;2017-09-16;2017-09-24;5C;OSIR
88152;Régate de Club Coupe de l'Amitié 2017;13024;2017-10-07;2017-10-08;5C;OSIR
88153;Régate de Club Challenge d'Automne 2017;13024;2017-10-22;2017-12-03;5C;OSIR
87064;Régate Départementale 1°llenge d'hive challenge  ;13066;2017-01-08;2017-01-08;5B;OSIR
87065;Régate Départementale 2° challenge d'hiver du gol;13066;2017-01-22;2017-01-22;5B;OSIR
87066;Régate Départementale 3°challenge d'hiver du golf;13066;2017-02-05;2017-02-05;5B;OSIR
87067;Régate Départementale 4° challenge d'hiver du gol;13066;2017-02-26;2017-02-26;5B;OSIR
87076;Régate Départementale 5° challenge du golfe de Fos;13066;2017-03-16;2017-03-16;5B;OSIR
87077;Régate Départementale Reserve challenge du golfe d;13066;2017-03-26;2017-03-26;5B;OSIR
87078;Régate Départementale 6°;13066;2017-04-02;2017-04-02;5B;OSIR
87081;Régate Départementale VOILES ET ELLES;13066;2017-05-21;2017-05-21;5C;OSIR
87083;Régate Départementale 1° challenge d'automne du g;13066;2017-09-24;2017-09-24;5B;OSIR
87084;Régate Départementale 2° challenge d'automne du g;13066;2017-10-08;2017-10-08;5B;OSIR
87085;Régate Départementale 3° challenge d'automne du g;13066;2017-10-22;2017-10-22;5B;OSIR
87086;Régate Départementale 4° challenge d'automne du g;13066;2017-11-12;2017-11-12;5B;OSIR
87087;Régate Départementale 5° challenge dautomne du gol;13066;2017-11-26;2017-11-26;5B;OSIR
87088;Régate Départementale reserve challenge d'automne;13066;2017-12-03;2017-12-03;5B;OSIR
87089;Régate Départementale 6°challenge d'automne du go;13066;2017-12-17;2017-12-17;5B;OSIR
85332;Régate Départementale CAMILLE PIERRON N°1;13012;2017-01-22;2017-01-22;5B;OSIR
85333;Régate Départementale CAMILLE PIERRON N°2;13012;2017-02-05;2017-02-05;5B;OSIR
85334;Régate Départementale CAMILLE PIERRON N°3;13012;2017-03-05;2017-03-05;5B;OSIR
85335;Régate Départementale CAMILLE PIERRON N°4;13012;2017-04-02;2017-04-02;5B;OSIR
85343;Régate Départementale LES 24H DU C.N.I;13012;2017-04-29;2017-04-30;5C;OSIR
85336;Régate Départementale CAMILLE PIERRON N°5;13012;2017-05-14;2017-05-14;5B;OSIR
85337;Régate Départementale SOLO DE L'ETANG;13012;2017-06-17;2017-06-17;5B;OSIR
85338;Régate Départementale TOUR DE L'ETANG EN EQUIPAGE;13012;2017-06-18;2017-06-18;5B;OSIR
85339;Régate Départementale CAMILLE PIERRON N°6;13012;2017-09-10;2017-09-10;5B;OSIR
85340;Régate Départementale CAMILLE PIERRON N°7;13012;2017-09-24;2017-09-24;5B;OSIR
85341;Régate Départementale CAMILLE PIERRON N°8;13012;2017-10-08;2017-10-08;5B;OSIR
85342;Régate Départementale CAMILLE PIERRON N°9;13012;2017-11-12;2017-11-12;5B;OSIR
86030;Régate 2 du 41ème Challenge de l'Estaque;13010;2017-01-22;2017-01-22;5B;OSIR
86031;Régate 3 du 41ème Challenge de l'Estaque;13010;2017-02-05;2017-02-05;5B;OSIR
86032;Régate 4 du 41ème Challenge de l'Estaque;13010;2017-03-05;2017-03-05;5B;OSIR
86033;Régate 5 du 41ème Challenge de l'Estaque;13010;2017-03-19;2017-03-19;5B;OSIR
86034;Régate 1 homme, 1 femme, 1 bateau;13010;2017-05-14;2017-05-14;5C;OSIR
86035;Régate 1 du 42ème Challenge de l'Estaque;13010;2017-12-10;2017-12-10;5B;OSIR
86006;Massilia Cup;13035;2017-03-31;2017-04-02;4;650P, 650S, GSUR, IRC, OSIR, SB20
86008;Duo Cup;13035;2017-05-06;2017-05-08;5A;OSIR
87279;Giraglia Rolex Cup - Course Marseille St. Tropez;13035;2017-06-09;2017-06-10;5A;IRC, ORCC
86007;Duo Max;13035;2017-06-22;2017-07-02;4;OSIR
86012;Duo Sail;13035;2017-09-23;2017-09-24;5A;IRC
87280;Régate ;13035;2017-10-07;2017-10-07;5C;OSIR
87637;Championnat de France de Match Racing Féminin;13035;2017-11-24;2017-11-26;3;J70
85757;Challenge Florence Arthaud 3;13016;2017-01-29;2017-01-29;5A;IRC, OSIR
85758;Challenge Florence Arthaud 4;13016;2017-02-25;2017-02-25;5A;IRC, OSIR
85759;Challenge Florence Arthaud 5;13016;2017-02-26;2017-02-26;5A;IRC, OSIR
85760;SNIM;13016;2017-04-14;2017-04-17;3;FC31, GSUR, IRC
85761;Championnat de Méditerranée Surprise;13016;2017-04-15;2017-04-17;4;SUR
85779;Calanques Classique;13016;2017-05-19;2017-05-21;5B;CIM, IRC
85764;Trophée André Mauric;13016;2017-06-24;2017-06-25;5B;CIM, IRC, OSIR
85765;Quadrasolo Méditerranée;13016;2017-08-25;2017-09-01;4;IRC
85770;VIRE VIRE;13016;2017-10-01;2017-10-01;5B;ORCC
86399;Tacita Med Cup;13022;2017-06-03;2017-06-05;5B;GSUR, OSIR
86672;Régate de Club les rois;13020;2017-01-22;2017-01-22;5B;OSIR
86674;Régate de Club L hivernale;13020;2017-03-05;2017-03-05;5B;OSIR
86676;Régate de Club René ABEN;13020;2017-03-26;2017-03-26;5B;OSIR
86681;Régate de Club ROUSSAT;13020;2017-04-30;2017-04-30;5B;OSIR
86682;Régate de Club Voiles de l'étang;13020;2017-06-10;2017-06-10;5C;OSIR
86683;Régate de Club La solidaire;13020;2017-06-11;2017-06-11;5C;OSIR
86686;Régate de Club St Pierre;13020;2017-06-24;2017-06-24;5B;OSIR
86687;Régate de Club La Bastille;13020;2017-07-16;2017-07-16;5C;OSIR
86688;Régate de Club Duo de l'étang;13020;2017-09-16;2017-09-16;5C;OSIR
86696;Régate de Club La Paix;13020;2017-09-17;2017-09-17;5B;OSIR
86697;Régate de Club Des Chataignes;13020;2017-10-08;2017-10-08;5B;OSIR
86689;Régate de Club Gontero 1;13020;2017-11-05;2017-11-05;5B;OSIR
86690;Régate de Club Gontero 2;13020;2017-11-19;2017-11-19;5B;OSIR
86695;Régate de Club La Frima;13020;2017-12-10;2017-12-10;5B;OSIR
88319;Régate de Bassin NORLANDA'sCUP;14050;2017-05-15;2017-05-19;5B;J80
86966;SOLO SRC;14005;2017-04-23;2017-04-23;5A;OSIR
86965;Semaine de voile en Calvados - Coupe de Normandie;14005;2017-05-25;2017-05-27;4;OSIR
87687;Sélective de zone bassin Manche;14006;2017-02-04;2017-02-05;4;J80
86499;Branle-bas de l'Estuaire;14006;2017-04-01;2017-04-02;5A;INQ, OSIR
86525;SOLO DEAUVILLE;14006;2017-04-08;2017-04-08;5A;OSIR
86526;COUPE DU DYC;14006;2017-04-29;2017-05-01;5C;DRA, INQ, OSIR
86528;DOUBLE DE DEAUVILLE;14006;2017-05-13;2017-05-14;5B;OSIR
86531;COWES-DEAUVILLE;14006;2017-05-26;2017-05-27;5A;OSIR
86533;Coupe NATIXIS;14006;2017-06-10;2017-06-11;5B;DRA, FIGA, INQ, J80, OSIR
88344;Régate Deauville Company Race;14006;2017-07-01;2017-07-01;5C;J80
85740;Grand Prix de Deauville - Crédit Maritime;14006;2017-09-09;2017-09-10;5A;INQ, OSIR
86537;DEFI DEAUVILLE-HONFLEUR;14006;2017-09-30;2017-09-30;5C;OSIR
86539;Coupe HENRIOT ET Cie;14006;2017-10-07;2017-10-08;5B;INQ, OSIR
85790;Régate de Club Djinn Cup & Blondeau Marine;17001;2017-08-09;2017-08-09;5C;OSIR
86662;Sélective de Bassin Atlantique RR3;17013;2017-02-04;2017-02-05;4;B25
86663;Sélective de Bassin Atlantique RR4;17013;2017-02-18;2017-02-19;4;B25
86615;Régate de Club Habitable - Les Pieds Gelés;17013;2017-03-04;2017-03-05;5A;OSIR
87481;Finale de Bassin Atlantique;17013;2017-03-11;2017-03-12;4;J70
86618;Régate de Club Habitable - Côtiers de Printemps;17013;2017-03-18;2017-03-19;5B;OSIR
86620;Sélective Match Racing Inter Régionale FFSU;17013;2017-03-25;2017-03-26;5A;FC8
86619;Régate de Club Habitable - Warm Up - Préparation S;17013;2017-04-01;2017-04-02;5A;OSIR
86621;Challenge Solo & Double;17013;2017-05-06;2017-05-08;5A;IRC, OSIR
86622;Régate de Club Habitable - Côtier des 2 Iles;17013;2017-05-13;2017-05-14;5B;OSIR
86623;Ladies Only - Toutes les Femmes sur l'eau;17013;2017-05-20;2017-05-21;5B;OSIR
86626;Tour Ré 2017;17013;2017-05-27;2017-05-27;5A;CLIB, OSIR
86627;Petit Tour de Ré 2017;17013;2017-05-27;2017-05-27;5A;CLIB, OSIR
86628;Régate de Club Habitable - Tour d'Yeu;17013;2017-06-03;2017-06-05;5B;OSIR
86632;Coupe de la Médicale de France 2017;17013;2017-06-09;2017-06-11;5C;GSUR
86634;Régate de Club - Solidaire du Don du Sang;17013;2017-06-24;2017-06-25;5C;OSIR
86666;Grand Prix de La Rochelle 2017;17013;2017-07-08;2017-07-09;5A;IRC, OSIR
86635;French Startup Cup;17013;2017-08-26;2017-08-27;5C;GSUR
86636;27ème Challenge Voile des Experts Comptables;17013;2017-08-31;2017-09-02;5C;GSUR
86637;Régate de Club Habitable - Kaya Ropes;17013;2017-09-09;2017-09-10;5B;650P, 650S, OSIR
85425;Régate de Club La Martinière;17054;2017-03-11;2017-03-11;5C;OSIR
85426;Régate Départementale Régate du Printemps;17054;2017-03-25;2017-03-25;5C;OSIR
85427;Régate de Ligue La Rochelle - Les Sables;17054;2017-04-15;2017-04-17;5C;OSIR
85428;Régate Départementale Entre Filières et Pertuis;17054;2017-04-22;2017-04-22;5C;OSIR
85429;Régate Départementale Tour du Fort Boyard;17054;2017-05-21;2017-05-21;5C;OSIR
85430;Régate de Ligue Trophée Richel'Yeu;17054;2017-05-25;2017-05-28;5C;OSIR
85431;Régate Départementale Nuit la plus courte;17054;2017-06-10;2017-06-11;5C;OSIR
85432;Régate de Club 1 Femme 1 Homme 1 Bateau;17054;2017-06-17;2017-06-17;5C;OSIR
85433;Régate de Club Fête du Club;17054;2017-09-02;2017-09-03;5C;OSIR
86988;Régate Départementale Tour de l'île d'Aix;17054;2017-09-16;2017-09-16;5C;OSIR
85453;Régate Départementale des deux Pertuis;17054;2017-10-08;2017-10-08;5C;OSIR
87691;Mini Transat / Etape 3 du CFCLS;17068;2017-09-20;2017-11-28; ; 
86420;Coupe Des Pétrôles;17028;2017-05-25;2017-05-28;5A;GSUR
87070;Championnat de Printemps Habitable  N°1;17015;2017-03-11;2017-03-11;5C;OSIR
87071;Championnat De Printemps Habitable  N°2;17015;2017-03-25;2017-03-25;5C;OSIR
87072;Coupe De La Côte de Beauté;17015;2017-04-16;2017-04-17;5A;OSIR
87073;Championnat De Printemps Habitable N°3;17015;2017-04-22;2017-04-22;5C;OSIR
87074;Championnat De Printemps Habitable N°4;17015;2017-04-23;2017-04-23;5C;OSIR
87075;Régate Des 3 Phares;17015;2017-05-13;2017-05-14;5B;OSIR
87082;ROYAN YEU ROYAN;17015;2017-05-25;2017-05-28;5B;IRC, OSIR
87091;Championnat D'automne Habitable N°1;17015;2017-09-16;2017-09-16;5C;OSIR
87092;Championnat D'automne Habitable N°2;17015;2017-09-17;2017-09-17;5C;OSIR
87093;Championnat D'automne Habitable N°3;17015;2017-10-14;2017-10-14;5C;OSIR
87094;Championnat D'automne Habitable N°4;17015;2017-11-18;2017-11-18;5C;OSIR
87184;Régate de Bassin APOC;22054;2017-06-03;2017-06-05;5B;OSIR
87185;Régate de Bassin DES LILAS BLANCS;22054;2017-08-26;2017-08-27;5B;OSIR
87225;Régate Départementale DEMEURE OCEANE;22037;2017-04-29;2017-04-30;5B;OSIR
87226;Régate de Bassin SOLO DUO NAUTI BREIZ;22037;2017-08-06;2017-08-06;5C;OSIR
87227;Régate de Bassin BRETAGNE MARINE TROPHEE LE JUNTER;22037;2017-09-09;2017-09-10;5B;OSIR
87818;Régate Départementale les trois jours d'Armor;22017;2017-05-25;2017-05-28;5B;OSIR
87102;Régate Départementale GRAND PRIX DE LA BAIE DE ST ;22056;2017-09-16;2017-09-17;5B;OSIR
86191;Régate de Ligue GP Monotype St Cast;22009;2017-04-29;2017-05-01;5A;570, J80
87487;Régate de Ligue Grand Prix de st cast;22009;2017-04-29;2017-05-01;5A;IRC, OSIR
85410;Régate de Club Trophée des Ebihens;22014;2017-06-10;2017-06-11;5A;MUSC
87925;Régate de Bassin Régate des Clubs;22014;2017-08-18;2017-08-18;5C;OSIR
85901;Régate de Club;22015;2017-08-06;2017-08-06;5C;OSIR
87232;Régate de Club trophée buzulzo;22015;2017-08-06;2017-08-06;5C;OSIR
88255;Championnat de Ligue Habitables L2;28004;2017-04-09;2017-04-09;5A;OSIR
88265;Critérium Départemental;28004;2017-05-11;2017-05-11;5B;OSIR
88266;Critérium Départemental Habitables;28004;2017-10-15;2017-10-15;5B;OSIR
81132;Régate de Club Régate des pieds gelés;29029;2016-12-31;2016-12-31;5B;OSIR
85936;Glazigouden;29029;2017-05-06;2017-07-07;5B;OSIR
85600;Mult'Yco;29029;2017-06-03;2017-06-05;5B;DM24, M2K
85938;Peskantour;29029;2017-07-08;2017-07-08;5B;OSIR
85603;Rallye du Bot Conan;29029;2017-07-23;2017-07-23;5B;OSIR
85602;Obélix Trophy;29029;2017-08-25;2017-08-27;5B;IRC, J80, MON, OSIR
85035;Championnat de France Espoirs Solitaire Equipage;29006;2017-08-19;2017-08-25;3;420, LAR, LAS, LAS4, LTZE
86963;Coupe de penoupèle;29007;2017-09-24;2017-09-24;5B;OSIR
86964;Coupe du Premar;29007;2017-11-26;2017-11-26;5C;J80
85034;Championnat de France Espoirs Glisse;29023;2017-08-12;2017-08-18;3;15.5, 29ER, 570, B293, RCB, RSX, SL16
87259;Solo Concarneau - Trophée Guy Cotten;29105;2017-04-04;2017-04-09; ; 
86987;Régate de Ligue 110 M de Concarneau;29105;2017-05-12;2017-05-13;5B;OSIR
88134;Trophée Marie - Agnès Péron / Etape 2 du CFCLS;29071;2017-06-05;2017-06-10; ; 
88135;Mini Fastnet;29071;2017-06-13;2017-06-24; ; 
87489;La Transmanche;29047;2017-06-02;2017-06-04;5A;CL40, FIGA
85062;Télégramme Tresco Trophée;29027;2017-05-24;2017-05-28;4;IRC, OSIR
87415;Challenge 5 de la Baie d'Aigues Mortes;30001;2017-01-08;2017-01-08;5B;INQ, M2K, OSIR
87402;Challenge 7 de la Baie d'Aigues Mortes;30001;2017-02-05;2017-02-05;5B;INQ, M2K, OSIR
87403;Trophée de la baie d'Aigues Mortes;30001;2017-04-01;2017-04-02;5A;INQ, M2K, OSIR
87407;Rotary Race;30001;2017-04-23;2017-04-23;5C;OSIR
87404;Trophée Bernard Lacaze;30001;2017-05-20;2017-05-21;5A;M2K, OSIR
87409;La Sétoise;30001;2017-06-04;2017-06-05;5C;OSIR
87410;Trophée USHIP;30001;2017-06-18;2017-06-18;5C;OSIR
86706;Minimax;30001;2017-06-24;2017-07-02;4;M2K, OSIR
87406;Ronde de l'Eté;30001;2017-08-20;2017-08-20;5C;OSIR
87405;Femmes à la Barre;30001;2017-09-17;2017-09-17;5B;D650, INQ
87411;La juste pour rire;30001;2017-10-14;2017-10-14;5C;OSIR
87413;Trophée du Lion;30001;2017-10-27;2017-10-29;5A;OSIR
87414;Challenge 2 de la Baie d'Aigues Mortes;30001;2017-11-12;2017-11-12;5B;INQ, M2K, OSIR
86029;Sélective Bassin Atlantique RR5;33003;2017-03-04;2017-03-05;4;570
85953;Régate de Club Championnat Banane 1° 2° 3° courses;33003;2017-03-19;2017-03-19;5C;OSIR
85954;Régate de Club Paires, Impaires et Passes;33003;2017-04-09;2017-04-09;5C;OSIR
85956;Régate de Club Championnat Banane 4° 5° 6° courses;33003;2017-04-23;2017-04-23;5C;OSIR
85957;Régate de Club Arcachon-Fontarrabie;33003;2017-04-28;2017-05-01;5C;OSIR
85959;Régate de Club Championnat Banane 7° 8° 9° courses;33003;2017-05-08;2017-05-08;5C;OSIR
85960;Régate de Club Championnat Banane  10° 11° 12° cou;33003;2017-05-21;2017-05-21;5C;OSIR
85962;Régate de Club Bancs et Esteys;33003;2017-06-03;2017-06-03;5C;OSIR
85963;Régate de Club Championnat Banane  13° 14° 15° cou;33003;2017-06-11;2017-06-11;5C;OSIR
85964;Régate de Club Femmes à la Barre;33003;2017-06-18;2017-06-18;5C;OSIR
85965;Régate de Club DUO BRU;33003;2017-07-02;2017-07-02;5C;OSIR
85966;Régate Départementale 18 Heures d'Arcachon;33003;2017-07-08;2017-07-09;5C;OSIR
85972;Régate de Club Fêtes de la Mer;33003;2017-08-15;2017-08-15;5C;OSIR
85967;Régate Départementale Ronde du Bassin;33003;2017-08-27;2017-08-27;5B;OSIR
85968;Régate Départementale 680 Connexion;33003;2017-08-27;2017-08-27;5B;OSIR
85969;Régate de Club Route de l'Huître;33003;2017-09-03;2017-09-03;5C;OSIR
85970;Régate de Club Championnat Banane  16° 17° 18° cou;33003;2017-09-17;2017-09-17;5C;OSIR
85971;Régate de Club DUO BRU;33003;2017-10-01;2017-10-01;5C;OSIR
86009;Régate de Club Championnat Banane 19° 20° 21° cour;33003;2017-10-15;2017-10-15;5C;OSIR
86010;Régate de Club Championnat Banane 22° 23° 24° cour;33003;2017-10-29;2017-10-29;5C;OSIR
86011;Régate de Club Jetées et Bottes Fourrées;33003;2017-11-12;2017-11-12;5C;OSIR
86013;Régate de Club Championnat Banane 25° 26° 27° cour;33003;2017-11-19;2017-11-19;5C;OSIR
86015;Régate de Club DUO BRU;33003;2017-11-26;2017-11-26;5C;OSIR
86017;Régate de Club Coupe de Noël;33003;2017-12-10;2017-12-10;5C;OSIR
86140;Régate Banque Populaire;33004;2017-06-24;2017-06-25;5A;590
86141;Coupe Poulmarc'h;33004;2017-07-08;2017-07-09;5B;590
86144;Coupe du Président;33004;2017-07-23;2017-07-23;5C;590
86146;La Ronde du Bassin;33004;2017-07-26;2017-07-26;5B;OSIR
86145;La Solo du 590;33004;2017-08-11;2017-08-11;5B;590
86142;Championnat de France National 590;33004;2017-08-18;2017-08-20;5A;590
86143;Mémorial Granchamp;33004;2017-09-16;2017-09-17;5A;590
86078;Régate de Bassin La BLAYAISE Habitables;33005;2017-05-06;2017-05-06;5B;OSIR
86086;Régate Départementale TRANSGIRONDE;33005;2017-06-10;2017-06-10;5B;OSIR
86849;Régate Départementale Prince Noir Course 1;33007;2017-04-15;2017-04-15;5B;OSIR
86851;Régate Départementale Prince Noir Course 2;33007;2017-06-17;2017-06-17;5B;OSIR
86853;Régate de Club Troque Sel2017-09-03;33007;2017-09-03;2017-09-03;5C;OSIR
85703;Finale Région Nouvelle Aquitaine ;33006;2017-05-20;2017-05-21;5A;15.5, 420, AD2D, AD33, AD3D, B293, CLA, DART, FK14, H16, INC, IND, INQ, LAR, LAS, LAS4, LD, MCR, MIJI, OBIC, OPTI, OSIR, SL16
86266;Régate TRANSLAC;33006;2017-06-17;2017-06-17;5A;590, OSIR
86267;Régate de Club Coupe de MALIGNAC;33006;2017-06-18;2017-06-18;5C;590, OSIR
85700;GRAND PRIX DE MAUBUISSON;33006;2017-08-13;2017-08-13;5C;INC, IND, OSIR
86268;Régate de Club Capitaine de Flotte;33006;2017-09-03;2017-09-03;5B;OSIR
85002;etape micro tour de france;33014;2017-09-16;2017-09-17;5A;MIC, OSIR
85481;Régate de Bassin d'ouverture;33008;2017-02-26;2017-02-26;5C;OSIR
85482;Championnat de Printemps 1;33008;2017-03-12;2017-03-12;5C;OSIR
85483;Championnat de Printemps 2;33008;2017-03-26;2017-03-26;5C;OSIR
85484;Championnat de Printemps 3;33008;2017-04-09;2017-04-09;5C;OSIR
85485;Régate Assurances Bru Solo;33008;2017-04-30;2017-04-30;5C;OSIR
85842;Coupe Cadox;33008;2017-05-14;2017-05-14;5C;OSIR
85495;Coupe du Président;33008;2017-06-18;2017-06-18;5C;OSIR
85493;Femmes à la Barre;33008;2017-07-01;2017-07-01;5C;OSIR
85494;Régate 6h du Lac;33008;2017-08-05;2017-08-05;5A;OSIR
85498;Régate des venadanges;33008;2017-09-03;2017-09-03;5B;OSIR
85497;Régate départs décalés;33008;2017-09-17;2017-09-17;5C;OSIR
85499;Régate Assurances Bru Duo;33008;2017-10-01;2017-10-01;5C;OSIR
85500;Championnat d'Automne 1;33008;2017-10-15;2017-10-15;5B;OSIR
85501;Championnat d'Automne 2;33008;2017-10-29;2017-10-29;5B;OSIR
85502;Championnat d'Automne 3;33008;2017-11-12;2017-11-12;5B;OSIR
85503;Régate de la Solidarité;33008;2017-11-26;2017-11-26;5C;OSIR
85504;Régate de Noël;33008;2017-12-09;2017-12-09;5C;OSIR
86855;Tour de Cordouan;33022;2017-04-29;2017-04-29;5A;OSIR
86857;Trophée Port Médoc 1;33022;2017-04-30;2017-04-30;5A;OSIR
86859;Trophée Port Médoc 2;33022;2017-05-01;2017-05-01;5A;OSIR
86861;Régate BOTALO;33019;2017-05-13;2017-05-13;5B;OSIR
86870;Régate de Club Printemps à Pauillac 1;33020;2017-02-05;2017-02-05;5C;OSIR
86872;Régate de Club Printemps à Pauillac 2;33020;2017-02-19;2017-02-19;5C;OSIR
86873;Régate de Club Printemps à Pauillac 3;33020;2017-03-05;2017-03-05;5C;OSIR
86876;Régate de Club Printemps à Pauillac 4;33020;2017-04-02;2017-04-02;5C;OSIR
86863;Femmes à la Barre;33020;2017-05-14;2017-05-14;5B;OSIR
86866;Régate Départementale de Pauillac Course 1;33020;2017-05-20;2017-05-20;5B;OSIR
86868;Régate Départementale de Pauillac Course 2;33020;2017-05-21;2017-05-21;5B;OSIR
86878;Régate de Club Automne à Pauillac 1;33020;2017-09-17;2017-09-17;5C;OSIR
86879;Régate de Club Automne à Pauillac 2;33020;2017-10-01;2017-10-01;5C;OSIR
86881;Régate de Club Automne à Pauillac 3;33020;2017-10-15;2017-10-15;5C;OSIR
86883;Régate de Club Automne à Pauillac 4;33020;2017-10-29;2017-10-29;5C;OSIR
86886;Régate de Club Automne à Pauillac 5;33020;2017-11-12;2017-11-12;5C;OSIR
86843;CAVERNIERE 1;33024;2017-04-08;2017-04-08;5B;OSIR
86845;CAVERNIERE 2;33024;2017-04-09;2017-04-09;5B;OSIR
86847;Régate Dordogne 1;33024;2017-10-15;2017-10-15;5C;OSIR
86848;Régate Dordogne 2;33024;2017-10-29;2017-10-29;5C;OSIR
85571;Challenge de Thau Etape 8;34029;2017-01-29;2017-01-29;5B;OSIR
85572;Challenge de Thau Etape 11;34029;2017-03-26;2017-03-26;5B;OSIR
85573;Femmes à la Barre Eve Thau et Adam;34029;2017-06-11;2017-06-11;5C;OSIR
85574;Challenge de Thau Etape 1 Espoir;34029;2017-09-17;2017-09-17;5B;OSIR
85575;Challenge de Thau Etape 4;34029;2017-11-05;2017-11-05;5B;OSIR
86739;Challenge de Thau Etape 10;34026;2017-03-12;2017-03-12;5B;OSIR
86741;Challenge de Thau Etape 5;34026;2017-11-19;2017-11-19;5B;OSIR
85665;Challenge 6 de la baie d'Aigues Mortes;34013;2017-01-22;2017-01-22;5B;INQ, M2K, OSIR
85666;Challenge 8 de la baie d'Aigues Mortes;34013;2017-02-26;2017-02-26;5B;INQ, M2K, OSIR
87030;Mini Figaro Golfe;34013;2017-03-01;2017-03-05; ; 
85668;Outremer Cup;34013;2017-05-26;2017-05-28;5C;M2K
85669;Sun Race;34013;2017-06-03;2017-06-04;5C;OSIR
86953;Challenge 1  de la baie d'Aigues Mortes;34013;2017-10-15;2017-10-15;5B;INQ, M2K, OSIR
86958;Challenge 3 de la baie d'Aigues Mortes;34013;2017-11-26;2017-11-26;5B;INQ, M2K, OSIR
86956;Coupe de Noël;34013;2017-12-16;2017-12-17;5B;INC, INQ, OSIR
85577;Régate des Rois;34011;2017-01-08;2017-01-08;5C;OSIR
85578;Régate du Président;34011;2017-01-22;2017-01-22;5C;OSIR
85579;Régate des Huîtres;34011;2017-02-05;2017-02-05;5C;OSIR
85580;Régate SNSM;34011;2017-02-19;2017-02-19;5C;OSIR
85581;Brescou d'OR;34011;2017-03-05;2017-03-05;5C;OSIR
85582;Régate du Printemps;34011;2017-03-19;2017-03-19;5C;OSIR
85583;Régate USHIP;34011;2017-04-02;2017-04-02;5C;OSIR
85584;Coupe de la Sodéal;34011;2017-04-16;2017-04-16;5C;OSIR
85585;Solitaire Thierry DODET;34011;2017-05-13;2017-05-13;5B;OSIR
85586;Femmes à la Barre  / Sea Horse;34011;2017-05-14;2017-05-14;5B;OSIR
85587;Escalagde;34011;2017-05-25;2017-05-28;4;CLIB, OSIR
85588;Rallye Régate de la Saint Jean;34011;2017-06-25;2017-06-25;5C;OSIR
85589;Nuit Agathoise;34011;2017-09-09;2017-09-10;5C;OSIR
85590;Coupe Hérault Méditerranée Etape 1;34011;2017-09-23;2017-09-23;5B;OSIR
85591;Coupe Hérault Méditerranée Etape 2;34011;2017-09-24;2017-09-24;5B;OSIR
88159;Trophée Ville d'Agde - Finale CDV de l'Hérault;34011;2017-10-07;2017-10-08;5A;OSIR
85593;Régate en Double;34011;2017-10-21;2017-10-21;5C;OSIR
85594;Un Homme Une Femme Un Voilier;34011;2017-10-22;2017-10-22;5B;OSIR
85595;Régate du Salon Nautique;34011;2017-11-05;2017-11-05;5C;OSIR
85596;Régate du Vin Nouveau;34011;2017-11-19;2017-11-19;5C;OSIR
85597;Régate du Téléthon;34011;2017-12-03;2017-12-03;5C;OSIR
85598;Les Pieds Gelés;34011;2017-12-17;2017-12-17;5C;OSIR
85711;Challenge de Thau Etape 7;34051;2017-01-15;2017-01-15;5B;OSIR
85713;Challenge de Thau Etape 12;34051;2017-04-22;2017-04-22;5B;OSIR
85714;Challenge de Thau Etape 13;34051;2017-04-23;2017-04-23;5B;OSIR
85715;Solitaire Fernand Morell;34051;2017-06-25;2017-06-25;5B;OSIR
88109;Challenge de Thau Etape 3;34051;2017-10-15;2017-10-15;5B;OSIR
85073;Challenge de Thau Etape 9;34007;2017-02-26;2017-02-26;5B;OSIR
85072;Les 24 heures de Thau;34007;2017-06-03;2017-06-04;4;OSIR
88093;challenge de Thau Etape 2;34007;2017-10-01;2017-10-01;5B;OSIR
88094;Challenge de Thau Etape 6;34007;2017-12-03;2017-12-03;5B;OSIR
86157;Challenge Nautique de Palavas 7;34024;2017-01-15;2017-01-15;5B;OSIR, SUR
86158;Challenge Nautique de Palavas 8;34024;2017-01-29;2017-01-29;5B;OSIR, SUR
86159;Challenge Nautique de Palavas 9;34024;2017-02-19;2017-02-19;5B;OSIR, SUR
86160;Challenge Nautique de Palavas 10;34024;2017-03-05;2017-03-05;5B;OSIR, SUR
86314;Régate de Club La Palavasienne;34024;2017-03-18;2017-03-19;5A;IRC, OSIR, SUR
86161;Trophée du Phare de Palavas;34024;2017-04-23;2017-04-23;5C;OSIR, SUR
86318;Trophée du Phare de Palavas II;34024;2017-05-07;2017-05-08;5B;OSIR, SUR
86182;Palavas Cap d'Agde;34024;2017-05-21;2017-05-21;5B;OSIR
86162;La Surprise Party;34024;2017-06-17;2017-06-18;5A;SUR
86163;CNP 1 La Lion's Cup;34024;2017-09-17;2017-09-17;5B;OSIR, SUR
86164;Challenge Nautique de Palavas 2;34024;2017-10-01;2017-10-01;5C;OSIR, SUR
86166;Challenge Nautique de Palavas 3;34024;2017-10-15;2017-10-15;5C;OSIR, SUR
86168;Challenge Nautique de Palavas 4;34024;2017-11-05;2017-11-05;5C;OSIR, SUR
86169;Challenge Nautique de Palavas 5;34024;2017-11-19;2017-11-19;5C;OSIR, SUR
86170;Challenge Nautique de Palavas 6;34024;2017-12-03;2017-12-03;5C;OSIR, SUR
85134;Sélective Méditerranée;34006;2017-01-28;2017-01-29;4;B25
85397;Challenge SNS Number One;34006;2017-02-12;2017-02-12;5C;OSIR
85398;Challenge SNS L'Estrambord;34006;2017-03-05;2017-03-05;5C;OSIR
85399;Challenge SNS Printemps;34006;2017-04-02;2017-04-02;5C;OSIR
85400;Challenge SNS Trophée Maurice KERF;34006;2017-04-30;2017-04-30;5C;OSIR
85451;Trophée Départemental - La Saint Clair;34006;2017-05-20;2017-05-21;5B;OSIR
85401;Challenge SNS La Rentrée;34006;2017-09-10;2017-09-10;5C;OSIR
85402;Challenge SNS L'Automnale;34006;2017-10-01;2017-10-01;5C;OSIR
85405;Sélective MR Méditerranée;34006;2017-10-21;2017-10-22;4;B25
85403;Challenge SNS La Rentrée;34006;2017-11-12;2017-11-12;5C;OSIR
85404;Challenge SNS La Saint Nicolas;34006;2017-12-10;2017-12-10;5C;OSIR
87918;Régate des Salins;34055;2017-03-18;2017-03-19;5C;CIM, JCH, OSIR
87919;Découverte Thau;34055;2017-06-21;2017-06-25;5C;JCH, OSIR
87921;Régates des Générations;34055;2017-10-07;2017-10-08;5C;JCH, OSIR
87922;Régate du coeur;34055;2017-12-03;2017-12-03;5C;JCH, OSIR
86850;TROPHEE DE LA VILLE DE VALRAS;34003;2017-04-29;2017-04-30;5C;OSIR
87727;Régate de Club 100 milles et une nuit;35002;2017-06-03;2017-06-05;5A;IRC
87728;Régate de Club rance fremur;35002;2017-07-29;2017-07-29;5A;IRC
87729;Régate de Club Dinard St Cast;35002;2017-08-03;2017-08-03;5A;OSIR
87452;Régate Départementale challenge de Printemps;35006;2017-03-05;2017-04-23;5B;IRC, MON, OSIR
87453;Régate Interligue des IUT;35006;2017-04-07;2017-04-09;5A;OSIR
87454;Régate Interligue Trophée double AUDI Tour de Chau;35006;2017-05-06;2017-05-06;5A;IRC, OSIR
87455;Régate Interligue challenge Terres St-Malo;35006;2017-05-20;2017-08-06;5A;IRC
87497;Régate Interligue Grand Prix SNBSM;35006;2017-05-25;2017-05-28;5A;IRC
87499;Régate Départementale ROTARY Cup;35006;2017-06-10;2017-06-10;5B;IRC, OSIR
87498;Régate Départementale MULTI MALO;35006;2017-06-10;2017-06-11;5C;M2K
87500;Régate Départementale Régate des ZEBRES en Rance;35006;2017-06-17;2017-06-18;5B;IRC, JCH, MUSC, OSIR
87502;Régate Interligue Trophée  AUDI Tour Minquiers;35006;2017-06-24;2017-06-25;5A;IRC, MUSC, OSIR
87504;Régate Interligue challenge Terres St-Malo;35006;2017-07-01;2017-07-02;5A;IRC, OSIR
86269;Pâques course 1;40018;2017-03-12;2017-03-12;5C;OSIR
86270;Pâques course 2;40018;2017-03-25;2017-03-25;5C;OSIR
86271;Pâques course 3;40018;2017-04-09;2017-04-09;5C;OSIR
86272;Pâques course 4;40018;2017-04-22;2017-04-22;5C;OSIR
86273;Coupe du Muguet;40018;2017-05-06;2017-05-06;5C;OSIR
86274;Journée du débutant et jeunes régatiers;40018;2017-05-20;2017-05-20;5B;OSIR
86275;ACE/GUY HOQUET;40018;2017-06-10;2017-06-10;5C;OSIR
86276;La régate des pirates du CORTO;40018;2017-06-24;2017-06-24;5B;OSIR
86277;Journées du Grand Hotel de la Plage;40018;2017-07-08;2017-07-09;5A;OSIR
86278;La LECLERC;40018;2017-07-16;2017-07-16;5B;OSIR
86279;La BOTALO;40018;2017-07-22;2017-07-22;5B;OSIR
86280;Femmes à la barre - CREDIT MUTUEL;40018;2017-07-29;2017-07-29;5C;OSIR
86281;DUCOM Pierre & Fils;40018;2017-08-12;2017-08-13;5A;OSIR
86282;La solitaire;40018;2017-08-15;2017-08-15;5C;OSIR
86283;Les 6H de Biscarrosse;40018;2017-08-20;2017-08-20;5A;OSIR
86284;La Dassault Bordeaux Sports;40018;2017-08-26;2017-08-26;5B;OSIR
86285;La MELTIS;40018;2017-09-02;2017-09-02;5B;OSIR
86290;Journée du jeune régatier et débutants;40018;2017-09-16;2017-09-16;5C;OSIR
86286;Automne course 1;40018;2017-09-24;2017-09-24;5C;OSIR
86287;Automne course 2;40018;2017-10-07;2017-10-07;5C;OSIR
86288;Automne course 3;40018;2017-10-22;2017-10-22;5C;OSIR
86289;Automne course 4;40018;2017-11-04;2017-11-04;5C;OSIR
86518;Régate de Club Challenge Capbreton 1;40016;2017-04-23;2017-04-23;5C;OSIR
86553;Régate;40016;2017-05-07;2017-05-07;5C;OSIR
86545;Régate de Club;40016;2017-05-13;2017-05-13;5B;OSIR
86548;Régate de Club;40016;2017-05-21;2017-05-21;5C;OSIR
86555;Régate de Club;40016;2017-06-17;2017-06-17;5C;OSIR
86557;Régate de Club;40016;2017-07-08;2017-07-08;5C;OSIR
86558;Régate de Club;40016;2017-08-20;2017-08-20;5C;OSIR
86560;Régate de Club;40016;2017-08-27;2017-08-27;5C;OSIR
86561;Régate de Club SOLITAIRE DE CAPBRETON;40016;2017-09-03;2017-09-03;5C;OSIR
86137;TROPHEE BRETECHE N°1;44009;2017-02-26;2017-02-26;5C;OSIR
85626;Coupe de l'Université de Nantes 2017;44009;2017-03-31;2017-04-02; ;J22
85627;National J 22;44009;2017-04-15;2017-04-17;5A;J22
85628;Coupe DU TROHEE AUBIN;44009;2017-06-03;2017-06-05;5A;MUSC
87660;LES VOILES DE L'ERDRE;44009;2017-06-25;2017-06-25;5A;J22
85630;LES VOILES DE L'ERDRE;44009;2017-07-01;2017-07-02; ;J22
86134;TROPHEE BRETECHE N°6;44009;2017-09-24;2017-09-24;5C;OSIR
85633;Coupe DES CHATAIGNES;44009;2017-10-07;2017-10-08;5A;J22, MUSC
86135;TROPHEE BRETECHE N°8;44009;2017-12-04;2017-12-04;5C;OSIR
85635;Coupe DE NOEL 2017;44009;2017-12-10;2017-12-10;5C;IND, OSIR
87243;OPEN QUILLARDS DE SPORT;44048;2017-07-28;2017-07-30;5A;INQ, OSIR, SOL
85311;VOILES DE LEGENDE;44048;2017-08-10;2017-08-13;5A;JCH, OSIR
86916;Trophée Ancr'Erdre N° 2;44022;2017-03-12;2017-03-12;5C;OSIR
86918;Trophée Ancr'Erdre N° 3;44022;2017-04-02;2017-04-02;5C;OSIR
86917;Open Erdre Osiris / Micro'Erdre;44022;2017-04-29;2017-05-01;5A;OSIR
86921;Trophée Ancr'Erdre N° 4;44022;2017-05-21;2017-05-21;5C;OSIR
86919;Capel'Solo N° 1;44022;2017-06-25;2017-06-25;5C;OSIR
86922;Trophée Ancr'Erdre N° 5;44022;2017-09-10;2017-09-10;5C;OSIR
86920;Capel'Solo N° 2;44022;2017-10-15;2017-10-15;5C;OSIR
86923;Trophée Ancr'Erdre N° 7;44022;2017-11-19;2017-11-19;5C;OSIR
82743;L'Amer Noël;44055;2016-12-18;2016-12-18;5C;OSIR
87730;Entrainements d'hiver R1;44055;2017-01-29;2017-01-29;5C;OSIR
87731;Entrainements d'hiver R2;44055;2017-02-12;2017-02-12;5C;OSIR
87732;Entrainements d'hiver R3;44055;2017-02-26;2017-02-26;5C;OSIR
87733;Entrainements d'hiver R4;44055;2017-03-26;2017-03-26;5C;OSIR
87734;Entrainements d'hiver R5;44055;2017-03-26;2017-03-26;5C;OSIR
87735;Entrainements d'hiver R6;44055;2017-04-09;2017-04-09;5C;OSIR
87736;La Duonoctambule;44055;2017-04-22;2017-04-23;5C;OSIR
87737;La Route du sel;44055;2017-09-23;2017-09-24;5C;OSIR
87738;Challenge SRT;44055;2017-10-07;2017-10-08;5C;OSIR
87739;Entrainements d'hiver R7;44055;2017-10-22;2017-10-22;5C;OSIR
87740;Entrainements d'hiver R8;44055;2017-11-05;2017-11-05;5C;OSIR
87741;Entrainements d'hiver R9;44055;2017-11-19;2017-11-19;5C;OSIR
87742;Entrainements d'hiver R10;44055;2017-12-03;2017-12-03;5C;OSIR
87743;L'Amer Noël;44055;2017-12-17;2017-12-17;5C;OSIR
87704;Pornichet Sélect 6m50 / Etape 1 du CFCLS;44001;2017-04-22;2017-04-26; ; 
86629;BATICUP;44001;2017-09-22;2017-09-23;5B;OSIR
86898;Coupe DE NOËL;44001;2017-11-25;2017-11-26;5C;OSIR
87952;Challenge d'hiver;44030;2017-01-22;2017-01-22;5B;OSIR
88186;Défi Voile Etudiant;44030;2017-02-04;2017-02-05;5A;J80
88074;BATTLE J70/J80;44030;2017-03-04;2017-03-05;5A;OSIR
87823;WOMEN'S CUP;44030;2017-03-11;2017-03-12;5A;J80
88459;Coupe régional des Pays de la Loire;44030;2017-03-18;2017-03-19;5A;J80
87636;Championnat de France de Match Racing Open;44030;2017-03-22;2017-03-26;3;J80
87949;Grand Prix Atlantique - Diam 24 series;44030;2017-03-31;2017-04-02;4;DM24
85800;Championnat de Ligue  voile pour tous Y.Rousse;44039;2017-04-21;2017-04-23;5A;GSUR
86174;Régate de Club;44011;2017-01-22;2017-01-22;5B;J80, M2K, OSIR
86175;Régate de Club;44011;2017-02-05;2017-02-05;5B;J80, M2K, OSIR
88441;Régate de Club;44011;2017-03-05;2017-03-05;5C;J80, M2K, OSIR
88442;Régate de Club;44011;2017-03-19;2017-03-19;5B;J80, M2K, OSIR
88443;Régate de Club;44011;2017-04-02;2017-04-02;5B;J80, M2K, OSIR
88444;Régate de Club Coupe Ile d'Yeu;44011;2017-04-29;2017-05-01;5B;J80, M2K, OSIR
88445;Régate de Club;44011;2017-05-14;2017-05-14;5C;J80, M2K, OSIR
88446;Régate de Club Coupe lycéenne J80;44011;2017-06-04;2017-06-05;5C;J80
88447;Régate de Club;44011;2017-06-10;2017-06-10;5C;J80
88448;Régate de Club;44011;2017-06-17;2017-06-18;5B;J80, M2K, OSIR
87820;Pornic J Cup 2017;44011;2017-06-23;2017-06-25;5A;J80
88457;Coupe Voile Golf;44011;2017-07-01;2017-07-01;5C;J80, M2K, OSIR
85329;Régate de Club 127emes régates de Trentemoult;44012;2017-09-17;2017-09-17;5B;IND, OSIR, VT
86913;Régate de Bassin  5H DE L'AME;45011;2017-07-02;2017-07-02;5C;IND, OSIR
86910;Régate de Ligue Habitable n°1;45011;2017-10-01;2017-10-01;5A;OSIR
87298;Régate de Ligue Habitables;45001;2017-06-11;2017-06-11;5A;OSIR
87792;Championnat JEUDI soir CNC;50021;2017-03-30;2017-10-07;5C;OSIR
88330;Championnat SOLITAIRE CNC;50021;2017-04-01;2017-09-02;5C;OSIR
88329;Championnat DOUBLE CNC;50021;2017-04-08;2017-09-16;5C;OSIR
88332;SOLO Cotentin Val de Saire;50021;2017-05-07;2017-05-07;5C;OSIR
87953;CHAMPIONNAT MARDI SOIR 1;50004;2017-03-28;2017-03-28;5C;OSIR
87954;CHAMPIONNAT MARDI SOIR 2;50004;2017-04-04;2017-04-04;5C;OSIR
87955;CHAMPIONNAT MARDI SOIR 3;50004;2017-04-11;2017-04-11;5C;OSIR
87956;CHAMPIONNAT MARDI SOIR 4;50004;2017-04-18;2017-04-18;5C;OSIR
87957;CHAMPIONNAT MARDI SOIR 5;50004;2017-04-25;2017-04-25;5C;OSIR
87958;CHAMPIONNAT MARDI SOIR 6;50004;2017-05-02;2017-05-02;5C;OSIR
87959;CHAMPIONNAT MARDI SOIR 7;50004;2017-05-09;2017-05-09;5C;OSIR
87961;CHAMPIONNAT MARDI SOIR 8;50004;2017-05-16;2017-05-16;5C;OSIR
87962;CHAMPIONNAT MARDI SOIR 9;50004;2017-05-23;2017-05-23;5C;OSIR
88075;TRANSMANCHE CHERBOURG / WEYMOUTH;50004;2017-05-26;2017-05-28;5A;OSIR
88057;CHAMPIONNAT MARDI SOIR 10;50004;2017-05-30;2017-05-30;5C;OSIR
88068;AXE SAIL CUP;50004;2017-06-03;2017-06-05;5A;OSIR
88058;CHAMPIONNAT MARDI SOIR 11;50004;2017-06-06;2017-06-06;5C;OSIR
88069;L'ENTRE 2 CAPS;50004;2017-06-10;2017-06-11;5C;OSIR
88059;CHAMPIONNAT MARDI SOIR 12;50004;2017-06-13;2017-06-13;5C;OSIR
88076;REGATE EN DOUBLE YCC;50004;2017-06-17;2017-06-17;5C;OSIR
88060;CHAMPIONNAT MARDI SOIR 13;50004;2017-06-20;2017-06-20;5C;OSIR
88061;CHAMPIONNAT MARDI SOIR 14;50004;2017-06-27;2017-06-27;5C;OSIR
88063;CHAMPIONNAT MARDI SOIR 15;50004;2017-09-05;2017-09-05;5C;OSIR
88070;COUPE ELLE ET LUI;50004;2017-09-09;2017-09-09;5C;OSIR
88064;CHAMPIONNAT MARDI SOIR 16;50004;2017-09-12;2017-09-12;5C;OSIR
88065;CHAMPIONNAT MARDI SOIR 17;50004;2017-09-19;2017-09-19;5C;OSIR
88066;CHAMPIONNAT MARDI SOIR 18;50004;2017-09-26;2017-09-26;5C;OSIR
88067;FINALE CHAMPIONNAT MARDI SOIR 19;50004;2017-09-30;2017-09-30;5C;OSIR
86835;Trophée Ile Pelée - Chpt d'Europe Universitaire;50004;2017-10-11;2017-10-15;4;J80
88071;COUPE MAC DONALD'S;50004;2017-10-15;2017-10-15;5C;OSIR
88072;COUPE DU GERANT;50004;2017-10-21;2017-10-21;5C;OSIR
88073;COUPE DE NOËL AFCO;50004;2017-11-25;2017-11-26;5C;OSIR
87229;Solo - Duo Normandie;50007;2017-03-15;2017-03-19; ; 
85728;Tour des Ports de La Manche;50007;2017-07-08;2017-07-14;3;OSIR
87639;Régate de Club Trophée des Ports;51006;2017-04-23;2017-04-23;5A;OSIR
87640;Régate de Club Inter-Clubs;51006;2017-05-07;2017-05-07;5B;OSIR
87641;Régate de Club La Bénéteau-Cup;51006;2017-05-25;2017-05-27;5C;OSIR
87642;Régate de Ligue L'Estivale;51006;2017-07-08;2017-07-08;5C;OSIR
87643;Régate de Club Régate du Club;51006;2017-08-12;2017-08-12;5C;OSIR
87644;Régate de Club La Clôture;51006;2017-09-10;2017-09-10;5C;OSIR
88343;Régate de Ligue La Coupe du Président (en double);51005;2017-05-14;2017-05-14;5C;OSIR
87718;Les 24 heures du Der;51005;2017-06-03;2017-06-05;5C;OSIR
87602;Régate de Club multiparcours;52006;2017-04-09;2017-04-09;5A;OSIR
87619;Régate d'ouverture;52002;2017-04-02;2017-04-02;5B;OSIR
87620;Régate La Translac;52002;2017-06-10;2017-06-11;5A;OSIR
87621;Régate 1homme 1femme 1bateau;52002;2017-06-18;2017-06-18;5C;OSIR
87622;Régate La Solitaire;52002;2017-07-02;2017-07-02;5A;OSIR
87623;Régate Les 6 Heures du Der;52002;2017-09-03;2017-09-03;5B;OSIR
87785;Régate de Club régate de printemps;55001;2017-04-30;2017-04-30;5C;OSIR
87786;Régate de Club nuit du Mont Sec;55001;2017-05-07;2017-05-07;5C;OSIR
87787;Régate de Club Solidouble Adam Loisirs;55001;2017-05-21;2017-05-21;5A;OSIR
87788;Régate de Club Raid de  Madine;55001;2017-06-11;2017-06-11;5C;FB, IND, INQ, OSIR
87789;Régate de Club régate de rentrée;55001;2017-09-10;2017-09-10;5C;OSIR
87790;Régate de Club régate découverte;55001;2017-09-24;2017-09-24;5C;OSIR
87791;Régate de Club régate d'automne;55001;2017-10-08;2017-10-08;5C;OSIR
87125;CHALLENGE DE PRINTEMPS;56018;2017-02-12;2017-02-12;5A;MON, OSIR
87127;CHALLENGE DE PRINTEMPS;56018;2017-02-26;2017-02-26;5A;MON, OSIR
87134;RECORD DE LA VIEILLE;56018;2017-03-11;2017-03-11;5C;OSIR
87130;CHALLENGE DE PRINTEMPS;56018;2017-03-12;2017-03-12;5A;MON, OSIR
87131;CHALLENGE DE PRINTEMPS;56018;2017-03-26;2017-03-26;5A;MON, OSIR
87132;CHALLENGE DE PRINTEMPS;56018;2017-04-09;2017-04-09;5A;MON, OSIR
87135;RECORD DE LA VIEILLE;56018;2017-04-22;2017-04-22;5C;OSIR
87133;CHALLENGE DE PRINTEMPS;56018;2017-04-23;2017-04-23;5A;MON, OSIR
87136;RECORD DE LA VIEILLE;56018;2017-05-06;2017-05-06;5C;OSIR
87492;ONE TWO CUP;56018;2017-05-07;2017-05-08;5C;OSIR
86742;Grand Prix du Crouesty;56018;2017-06-03;2017-06-05;5A;570, 7M50, FC31, GSUR, IRC, J24, J70, J80, MON, OSIR
87490;COUPE CAMILLE;56018;2017-06-09;2017-06-11;5C;OSIR
87057;Duo Cat Amania;56018;2017-06-18;2017-06-23;4;IRC
87494;BATICUP;56018;2017-06-29;2017-07-02;5A;GSUR
87947;TOUR DU MORBIHAN;56018;2017-07-09;2017-07-13;5A;OSIR
87496;GRANDES REGATES DE PORT NAVALO;56018;2017-07-22;2017-07-23;5C;GAZL, GUEP, J24, MON, OSIR
87059;National Corsaire;56018;2017-07-30;2017-08-04;3;COR
87948;DUO DU CROUESTY;56018;2017-08-26;2017-08-27;5C;OSIR
87519;Régate de Ligue 23 eme COURSE DES ILES;56031;2017-06-11;2017-06-16;5A;OSIR
87495;La Transquadra 2017 - 2018;56031;2017-07-16;2018-02-07; ; 
85216;Challenge de Printemps;56016;2017-02-04;2017-02-05;5A;570, 750, GSUR, IRC, J80, M650, OSIR
85251;Challenge de Printemps;56016;2017-02-18;2017-02-19;5A;570, 750, GSUR, IRC, J80, M650, OSIR
85253;Challenge de Printemps;56016;2017-03-04;2017-03-05;5A;570, 750, GSUR, IRC, J80, M650, OSIR
85254;Challenge de Printemps;56016;2017-03-18;2017-03-19;5A;570, 750, GSUR, IRC, J80, M650, OSIR
85255;Challenge de Printemps;56016;2017-04-01;2017-04-02;5A;570, 750, GSUR, IRC, J80, M650, OSIR
85256;Spi Ouest-France;56016;2017-04-13;2017-04-17;2;570, 750, DM24, FC31, GSUR, IRC, J70, J80, LTZE, M2K, M650, OSIR, SEAS
87037;La Mini en Mai;56016;2017-05-06;2017-05-14; ; 
87677;Régate de la Finance;56016;2017-05-12;2017-05-14;5A;GSUR
87679;Régate de la Grande Distribution;56016;2017-05-19;2017-05-21;5A;GSUR
87041;Armen Race;56016;2017-05-25;2017-05-28;4;50MU, 650P, 650S, CL40, CLIB, FC31, FIGA, GSUR, IMO, IRC, MO70, OSIR, ULTI
85209;Les Voiles de la Baie;56016;2017-06-24;2017-06-24;5A;50MU, 650P, 650S, 750, CL40, CLIB, FC31, GSUR, IMO, IRC, M650, MO70, OSIR, ULTI
87475;Voiles Classiques de la Trinité;56016;2017-07-14;2017-07-16;5A;06JI, 08J, 55JI, DRA, REQ
87477;National Open Mach;56016;2017-07-14;2017-07-16;5A;750, M650
88213;Challenge Kerviler -Team Winds;56016;2017-08-05;2017-08-06;5A;OSIR
87478;Open Mach Trophy;56016;2017-08-26;2017-08-27;5A;750, M650
88215;Challenge d'Automne;56016;2017-10-14;2017-10-15;5A;570, 750, GSUR, IRC, J80, M650, OSIR
88220;Challenge d'Automne;56016;2017-10-28;2017-10-29;5A;570, 750, GSUR, IRC, J80, M650, OSIR
88221;Challenge d'Automne;56016;2017-11-11;2017-11-12;5A;570, 750, GSUR, IRC, J80, M650, OSIR
88222;Challenge d'Automne;56016;2017-11-25;2017-11-26;5A;570, 750, GSUR, IRC, J80, M650, OSIR
87212;Tour de Belle-Ile;56078;2017-04-29;2017-05-01;4;50MU, 650P, 650S, 750, CL40, CLIB, FC31, FC8, GSUR, IMO, J24, J70, J80, JCH, M2K, M650, MUSC, OSIR, SEAS, SUR, ULTI
85377;Régate de Club EH 2015/2016;56053;2016-12-18;2016-12-18; ;OSIR
88299;Régate de Club EH 2016-2017 2°session;56053;2017-02-05;2017-02-05;5C;OSIR
88301;Régate de Club EH 2016-2017 2°session;56053;2017-02-19;2017-02-19;5C;OSIR
88303;Régate de Club EH 2016-2017 2°session;56053;2017-03-05;2017-03-05;5C;OSIR
88304;Régate de Club EH 2016-2017 2°session;56053;2017-03-19;2017-03-19;5C;OSIR
88305;Régate de Club EH 2016-2017 2°session;56053;2017-04-02;2017-04-02;5C;OSIR
86185;Championnat D'HIVER;56005;2017-02-11;2017-02-12;5B;OSIR
86188;Championnat D'HIVER;56005;2017-02-25;2017-02-26;5B;OSIR
86190;Championnat D'HIVER;56005;2017-03-11;2017-03-12;5B;OSIR
86192;Championnat D'HIVER;56005;2017-03-25;2017-03-26;5B;OSIR
87480;Lorient Bretagne Sud Mini;56005;2017-04-08;2017-04-09;4;650P, 650S
86193;Championnat D'HIVER;56005;2017-04-22;2017-04-23;5B;OSIR
86235;Régate Speerbrecker Cup;56005;2017-07-01;2017-07-01;5B;OSIR
86195;Régate Grand Large;56005;2017-07-15;2017-07-15;5B;650P, 650S, CO25, IRC, JCH, M2K, OSIR
86197;Atlantique Le Télégramme;56005;2017-09-22;2017-09-24;4;570, DM24, FC31, IRC, J70, J80, OSIR
86809;Régate Interligue CELTIKUP OCEANIQUES;56901;2017-07-29;2017-08-06;5A;IRC
86810;Régate Interligue CELTIKUP OCEANIQUES;56901;2017-07-29;2017-08-06;5A;OSIR
87331;Armor Cup 2017;56070;2017-06-16;2017-06-18;5A;GSUR
87332;Cobaty Cup;56070;2017-09-15;2017-09-17;5B;GSUR
87316;National J80;56070;2017-10-28;2017-11-01;3;J80
85478;Rabat - Vannes / Mille et un mille;56009;2017-09-10;2017-09-17; ; 
80793;Régate de Club des Confiseurs 2016;56073;2016-12-18;2016-12-18;5C;OSIR
87115;Régate d'ouverture(entraînement);57002;2017-04-09;2017-04-09;5C;OSIR
87116;Régate des Cloches;57002;2017-04-16;2017-04-16;5C;INQ, OSIR
87117;Régate Départementale Lorraine-Nautisme;57002;2017-04-23;2017-04-23;5C;INQ, OSIR
87118;Régate de Ligue Les Voiles de Metz Olgy;57002;2017-04-30;2017-04-30;5A;IND, INQ, OSIR
87141;Régate de Club;57002;2017-05-14;2017-05-14;5C;OSIR
87142;Régate Coco's - cup;57002;2017-05-21;2017-05-21;5C;OSIR
87146;Régate de Bassin;57002;2017-06-11;2017-06-11;5C;OSIR
87144;Femmes à la Barre;57002;2017-06-18;2017-06-18;5B;IND, INQ, OSIR
87145;Coupe du Capitaine JF Cour;57002;2017-06-25;2017-06-25;5C;INQ, OSIR
87147;animation ACFI (A/M);57002;2017-07-02;2017-07-02;5C;OSIR
87148;Régate de Club;57002;2017-08-27;2017-08-27;5C;INQ, OSIR
87149;Régate de Bassin;57002;2017-09-03;2017-09-03;5C;INQ, OSIR
87160;Coupe ALBERTUS' CUP;57002;2017-09-10;2017-09-10;5C;INQ, OSIR
87163;Régate des SIX ROUES;57002;2017-09-24;2017-09-24;5C;OSIR
87121;54ème-  heures de Metz-Olgy;57002;2017-10-01;2017-10-01;5B;IND, INQ, OSIR
87122;54ème Challenges de l'Europe;57002;2017-10-08;2017-10-08;5A;IND, INQ, OSIR
87158;Régate de Club;57002;2017-10-15;2017-10-15;5C;OSIR
87155;Régate des monotypes;57002;2017-10-22;2017-10-22;5C;INQ, OSIR
87143;Régate des liquides;57002;2017-10-29;2017-10-29;5B;OSIR
86398;Grand Prix International de la Côte d'Opale;59004;2017-06-16;2017-06-18;5A;IRC, OSIR
88458;Régate de Ligue Duchesse Anne;59004;2017-06-24;2017-06-25;5A;J80
87317;Régate de Ligue Equinoxe;59004;2017-09-02;2017-09-03;5A;J80
87910;Régate de Ligue;59013;2017-06-17;2017-06-18;5A;570, J80
87912;Régate de Ligue;59013;2017-09-09;2017-09-10;5A;570, IRC, J80, OSIR
87923;Régate de Ligue Coupe de Gravelines;59040;2017-05-14;2017-05-14;5A;IRC, OSIR
87516;Coupe de France Étudiants - Étape de Marseille;59017;2017-01-28;2017-01-29;5A;GSUR
87517;Coupe de France Étudiants - Étape de La Rochelle;59017;2017-02-25;2017-02-26;5A;GSUR
87518;Coupe de France Étudiants - Étape de La Trinité su;59017;2017-03-11;2017-03-12;5A;GSUR
86493;Course Croisière Edhec;59017;2017-03-31;2017-04-08;4;GSUR, J70, J80, LTZE, OSIR
87928;Finales Course Croisière EDHEC;59017;2017-04-08;2017-04-08;3;GSUR, LTZE
88468;Régate de Ligue selective France;62005;2017-04-22;2017-04-23;5A;570
88218;Régate Triangles de Boulogne;62005;2017-05-06;2017-05-07;5A;IRC, OSIR
88219;Régate la Bousol;62005;2017-06-03;2017-06-04;5A;OSIR
87924;Régate de Ligue 25 MILLES DE CALAIS;62007;2017-05-13;2017-05-13;5A;IRC, OSIR
85201;SPI ANGLET;64006;2017-05-25;2017-05-27;5A;OSIR
85202;Trophée du Commodore;64006;2017-06-03;2017-06-04;5C;OSIR
85203;Femme à la Barre;64006;2017-09-30;2017-09-30;5C;OSIR
85204;Critérium Automne Anglet manche 1;64006;2017-10-01;2017-10-01;5C;OSIR
85205;Critérium Automne Anglet manche 2;64006;2017-10-07;2017-10-07;5C;OSIR
87107;LARRALDENIA CUP;64001;2017-09-23;2017-09-23;5C;OSIR
86295;Régate de Club 3ème Championnat hiver;64013;2017-01-22;2017-01-22;5B;OSIR
86296;Régate de Club 4ème Championnat Hiver;64013;2017-02-26;2017-02-26;5C;OSIR
86297;Régate de Club 5ème Championnat Hiver;64013;2017-03-26;2017-03-26;5B;OSIR
86298;Régate de Club;64013;2017-04-23;2017-04-23;5C;OSIR
86299;Régate Départementale Trophée BERNAIN;64013;2017-06-11;2017-06-11;5B;OSIR
86293;Régate de Ligue TRIBORD SAILING CLUB;64013;2017-06-24;2017-06-24;5A;OSIR
86300;Régate de Club Trophée SNSM;64013;2017-07-23;2017-07-23;5C;OSIR
86301;Régate de Bassin Trophèe Ville Hendaye;64013;2017-08-20;2017-08-20;5C;OSIR
86302;Régate Départementale Copa Mexico;64013;2017-09-09;2017-09-10;5B;OSIR
86303;Régate de Club Regate Entreprise;64013;2017-10-01;2017-10-01;5C;OSIR
86304;Régate de Bassin Txingudi Cup;64013;2017-10-22;2017-10-22;5C;OSIR
86305;Régate de Club 1ere Championnat Hiver;64013;2017-11-19;2017-11-19;5C;OSIR
86306;Régate de Club 2ème Championnat Hiver;64013;2017-12-10;2017-12-10;5C;OSIR
87662;SKI - VOILE 16;66015;2017-05-13;2017-05-13;5C;OSIR
87137;Femmes à la Barre;66015;2017-05-14;2017-05-14;5C;OSIR
87258;10 èmes Nautiques d'Argelès;66015;2017-06-24;2017-06-25;5C;OSIR
87139;SKI - VOILE;66015;2017-10-01;2017-10-01;5C;OSIR
87365;Régate UNSS;66003;2017-04-26;2017-05-03;5B;FC8
81055;Challenge d'Hiver - Etape 04;66004;2016-12-18;2016-12-18;5C;OSIR
86989;Challenge Hiver 17 - Etape n°05;66004;2017-01-08;2017-01-08;5C;OSIR
86990;Challenge Hiver 17 - Etape n°06;66004;2017-01-22;2017-01-22;5B;OSIR
86995;COUPE DES SKIPPERS - Etape n°01;66004;2017-02-04;2017-02-04;5C;OSIR
86991;Challenge Hiver 17 - Etape n°07;66004;2017-02-05;2017-02-05;5C;OSIR
86992;Challenge Hiver 17 - Etape n°08;66004;2017-02-19;2017-02-19;5B;OSIR
86996;COUPE DES SKIPPERS - Etape n°02;66004;2017-03-04;2017-03-04;5C;OSIR
86993;Challenge Hiver 17 - Etape n°09;66004;2017-03-05;2017-03-05;5C;OSIR
86994;Finale Challenge Hiver 17 - Etape n°10;66004;2017-03-18;2017-03-19;5B;OSIR
86997;La DUO 2017;66004;2017-07-01;2017-07-02;5C;OSIR
86998;SEPTEMBRE A CANET 2017;66004;2017-09-23;2017-09-24;5C;OSIR
87001;Challenge Hiver 18 - Etape n°01;66004;2017-11-05;2017-11-05;5C;OSIR
87000;Challenge Hiver 18 - Etape n°02;66004;2017-11-19;2017-11-19;5C;OSIR
87002;Challenge Hiver 18 - Etape n°03;66004;2017-12-03;2017-12-03;5B;OSIR
87003;Challenge Hiver 18 - Etape n°04;66004;2017-12-17;2017-12-17;5C;OSIR
87251;Triangle du Lion;66007;2017-05-25;2017-05-28;5B;IRC, OSIR
87252;Tram'Cup;66007;2017-09-16;2017-09-17;5B;OSIR
87253;Régate d'automne;66007;2017-10-22;2017-10-22;5C;OSIR
87549;Challenge Printemps 1;66006;2017-04-08;2017-04-09;5B;OSIR
87551;Challenge Printemps 2;66006;2017-04-22;2017-04-23;5B;OSIR
87552;100 milles de Saint Cyprien;66006;2017-06-03;2017-06-05;5B;OSIR
87553;Challenge d'Automne 1;66006;2017-10-14;2017-10-15;5B;OSIR
87554;Challenge d'Automne 2;66006;2017-10-28;2017-10-29;5B;OSIR
86414;Régate Départementale La Banane en Solitaire;67002;2017-05-21;2017-05-21;5C;CLIB
86544;Régate de Ligue Ouverture;67001;2017-03-12;2017-03-12;5A;INC, IND, INQ, OSIR
86552;Régate de Ligue C'est le Printemps;67001;2017-03-19;2017-03-19;5B;INC, IND, OSIR
86562;Régate de Ligue Coupe du Président;67001;2017-04-09;2017-04-09;5A;IND, OSIR
86563;Régate Interligue Habitables/Micros;67001;2017-05-06;2017-05-08;5A;OSIR
87711;Régate de Ligue Bientôt l'été ?;67001;2017-05-14;2017-05-14;5A;INC, IND, INQ, OSIR
86564;Régate de Ligue L'ascension;67001;2017-05-25;2017-05-25;5B;INC, IND, OSIR
87710;Régate de Club La Melting plob's;67001;2017-06-17;2017-06-18;5C;INC, IND, INQ, OSIR
87712;Régate de Ligue L'Européenne;67001;2017-09-10;2017-09-10;5B;INC, IND, INQ, OSIR
87714;Régate de Ligue Le Raid;67001;2017-09-30;2017-10-01;5B;INQ, OSIR
87345;Régate de Club de la Choucroute;68002;2017-09-10;2017-09-10;5C;CLIB, IND
85995;Régate CVM Cup;68001;2017-04-30;2017-04-30;5A;CLIB, INC, IND, RCB
85996;Les Voiles de Mulhouse;68001;2017-05-21;2017-05-21;5B;CLIB, INC, IND, RCB
85997;WE d'endurance;68001;2017-06-24;2017-06-25;5C;CLIB, INC, IND, RCB
85998;Régate d'automne;68001;2017-10-01;2017-10-01;5B;CLIB, INC, IND, RCB
85210;Régate des Vendanges;68003;2017-09-24;2017-09-24;5B;CLIB, IND
87006;Coupe des Lyons;69006;2017-11-03;2017-11-05;5A;OSIR
85538;Championnat du Monde Micro;74001;2017-08-18;2017-08-25;2;MIC
85537;Lac d'Argent;74001;2017-09-09;2017-09-10;4;INQ, OSIR
86752;Championnat de France Croiseurs Légers;74003;2017-05-25;2017-05-28;3;OSIR
85621;Marseille 2017 IRC European Championship;CN001;2017-07-05;2017-07-09;3;IRC
88136;81ème BOL D'OR du CVP;75017;2017-06-10;2017-06-11;5B;CLIB, IND, INQ
88168;TOUS EN SEINE et Chall.5O5 J. Lebrun;75017;2017-10-15;2017-10-15;5B;CLIB, IND, INQ
87040;Normandy Channel Race 2017;75S02;2017-05-14;2017-05-21; ; 
86491;Régate Internationale Marseille One Design;75S02;2017-10-12;2017-10-15;3;GC32
88333;Transat Jacques Vabre;AN004;2017-10-25;2017-11-30; ; 
88163;Régate Départementale;76031;2017-01-07;2017-01-07;5C;FC75
88164;Régate Départementale;76031;2017-01-08;2017-01-08;5B;FC75
87686;Sélective de zone bassin Manche;76031;2017-01-21;2017-01-22;4;FC75
87682;Régate Départementale Finale CICH Normandie;76031;2017-03-11;2017-03-12;5A;FC75
87445;Régate de Club icebergcup n°2;76004;2017-02-18;2017-02-18;5C;OSIR
87446;Régate de Club icebergcp n°3;76004;2017-03-11;2017-03-11;5C;OSIR
87464;Régate;76004;2017-04-01;2017-04-01;5B;OSIR
87435;Régate Interligue dieppe banana's cup;76004;2017-04-22;2017-04-23;5A;IRC, OSIR
87466;Régate de Club challenge CVD n° 2;76004;2017-05-13;2017-05-13;5B;OSIR
87467;Régate de Club challenge CVD n° 3;76004;2017-06-10;2017-06-10;5B;OSIR
87468;Régate de Club challenge CVD n°4;76004;2017-09-16;2017-09-16;5B;OSIR
87469;Régate de Club challenge CVD n°5;76004;2017-10-14;2017-10-14;5B;OSIR
87436;Régate de Club regate des harengs;76004;2017-11-18;2017-11-19;5B;OSIR
87606;Régate de Club Challenge du Port 01;76007;2017-04-15;2017-04-16;5C;OSIR
87607;Régate de Club Challenge du Port 02;76007;2017-04-29;2017-04-30;5C;OSIR
87608;Régate de Club Challenge du Port 03;76007;2017-05-06;2017-05-07;5C;OSIR
87609;Régate de Club Challenge du Port 04;76007;2017-05-20;2017-05-21;5C;OSIR
87610;Régate de Club Challenge du Port 05;76007;2017-06-03;2017-06-04;5C;OSIR
87613;Régate de Club Challenge du Port 06;76007;2017-06-17;2017-06-18;5C;OSIR
87614;Régate de Club Challenge du Port 07;76007;2017-07-01;2017-07-02;5C;OSIR
87615;Régate de Club Challenge du Port 08;76007;2017-09-09;2017-09-10;5C;OSIR
87604;Régate de Bassin Double Fécamp - Voiles Océanes;76007;2017-09-16;2017-09-16;5B;OSIR
87616;Régate de Club Challenge du Port 09;76007;2017-09-23;2017-09-24;5C;OSIR
87618;Régate de Club Challenge du Port 10;76007;2017-09-30;2017-10-01;5C;OSIR
87605;Régate de Bassin Trophée des Terre-Neuvas;76007;2017-10-07;2017-10-08;5A;OSIR
87261;Régate Départementale Championnat d'Hiver 6;76051;2017-04-09;2017-04-09;5A;OSIR
87263;Régate de Bassin Régate du jeudi;76051;2017-04-13;2017-04-13;5C;OSIR
87264;Régate de Bassin Régate du jeudi;76051;2017-05-04;2017-05-04;5C;OSIR
87269;Régate de Bassin Régate du jeudi;76051;2017-05-25;2017-05-25;5C;OSIR
87266;Régate de Bassin Régate du jeudi;76051;2017-06-15;2017-06-15;5C;OSIR
87277;Double de Normandie;76051;2017-08-28;2017-09-02;5A;OSIR
87267;Régate de Club Régate du jeudi;76051;2017-09-07;2017-09-07;5C;OSIR
87262;Régate Départementale Championnat d'Hiver 3;76051;2017-11-19;2017-11-19;5A;OSIR
87688;Finale de Bassin Manche;76010;2017-02-25;2017-02-26;4;J80
85850;J's en folie;76010;2017-03-04;2017-03-04;5C;J80
85851;Championnat d'hiver N°4;76010;2017-03-05;2017-03-05;5B;OSIR
87676;3ème Trophée SRH des entreprises;76010;2017-03-11;2017-03-12;5A;J80
85853;J's en folie;76010;2017-03-18;2017-03-18;5C;J80
87799;Hydro's Cup;76010;2017-03-31;2017-04-01;5B;J80
87801;J's en folie;76010;2017-04-08;2017-04-08;5C;J80
87874;Coup double;76010;2017-04-09;2017-04-09;5B;OSIR
85857;Régate du Jeudi;76010;2017-04-20;2017-04-20;5C;OSIR
85861;ALUMNI'S CUP - Etape 1;76010;2017-04-22;2017-04-23;5C;J80
85868;Régate du Jeudi;76010;2017-05-11;2017-05-11;5C;OSIR
85869;J's en folie;76010;2017-05-13;2017-05-13;5B;J80
85871;Régate du Jeudi;76010;2017-06-01;2017-06-01;5C;OSIR
85874;J's en folie;76010;2017-06-10;2017-06-10;5B;J80
85877;Régate du Jeudi;76010;2017-06-22;2017-06-22;5C;OSIR
87802;Régate du Shipping;76010;2017-06-24;2017-06-24;5C;J80
87671;Championnat de France Sport Entreprise Habitable;76010;2017-09-07;2017-09-10;4;J80
85880;Régate du Jeudi;76010;2017-09-14;2017-09-14;5C;OSIR
85882;International Family Cup;76010;2017-09-16;2017-09-17;5C;J80
87231;Alumni's Cup - Finale;76010;2017-09-23;2017-09-24;5C;J80
87803;Quitte ou double;76010;2017-09-24;2017-09-24;5B;OSIR
85886;Régate du Jeudi;76010;2017-09-28;2017-09-28;5C;OSIR
87025;Challenge Société Générale;76010;2017-09-30;2017-10-01;5B;OSIR
85889;J's en folie;76010;2017-10-07;2017-10-07;5C;J80
85890;Championnat d'hiver N°1;76010;2017-10-08;2017-10-08;5B;OSIR
87680;J's en folie;76010;2017-10-21;2017-10-21;5C;J80
87681;J's en folie;76010;2017-11-18;2017-11-18;5B;J80
85899;Sélective de zone de Match Race;76010;2017-12-02;2017-12-03;4;J80
85900;J's en folie;76010;2017-12-16;2017-12-16;5C;J80
86346;Championnat d'hiver n°5;76025;2017-03-19;2017-03-19;5B;FC75, J80, OSIR
86348;La Bidor Hic;76025;2017-04-15;2017-04-16;5B;OSIR
87051;Swing Cup;76025;2017-05-06;2017-05-06;5A;OSIR
86353;Grand Prix des Docks Vauban;76025;2017-05-20;2017-05-21;5A;IRC, OSIR
86732;Trophée Nicole Le Bodo;76025;2017-06-23;2017-06-24;5C;FC75
86729;Normandie Solo;76025;2017-07-02;2017-07-08;4;IRC, OSIR
86726;L'Abri-Côtier;76025;2017-09-09;2017-09-10;5A;OSIR
86349;La Hic Bidor;76025;2017-09-23;2017-09-24;5C;OSIR
86724;1 HOMME 1 FEMME;76025;2017-10-14;2017-10-14;5B;OSIR
86347;Championnat d'hiver n°2;76025;2017-10-22;2017-10-22;5B;FC75, J80, OSIR
86758;Coupe de France Open 5.70;76025;2017-10-27;2017-10-29;4;570
88361;Régate de Club 1ère Hiver;76015;2017-01-15;2017-01-15;5C;OSIR
88362;Régate de Club 2ème Hiver;76015;2017-01-28;2017-01-28;5C;OSIR
88363;Régate de Club 3ème Hiver;76015;2017-02-18;2017-02-18;5C;OSIR
88364;Régate de Club 4ème Hiver;76015;2017-03-04;2017-03-04;5C;OSIR
88365;Régate de Club 5ème Hiver;76015;2017-03-26;2017-03-26;5C;OSIR
88366;Régate de Club 6ème Hiver;76015;2017-04-09;2017-04-09;5C;OSIR
88367;Régate de Club Championnat de la Côte d'Albâtre;76015;2017-06-24;2017-06-25;5C;OSIR
87282;Régate de Club;76038;2016-12-18;2016-12-18;5C;FC75
87288;Régate de Club;76038;2017-01-19;2017-01-19;5C;FC75
87283;Régate de Club;76038;2017-01-28;2017-01-29;5C;FC75
87289;Régate de Club;76038;2017-02-09;2017-02-09;5C;FC75
87284;Régate de Club;76038;2017-02-11;2017-02-11;5C;FC75
87285;Régate Départementale CICH N°5;76038;2017-02-12;2017-02-12;5B;FC75
87286;Régate de Club;76038;2017-02-25;2017-02-26;5C;FC75
87287;Régate de Club;76038;2017-03-04;2017-03-05;5C;FC75
86925;Régate de Club de cloture des Entraînements d'hiv;78034;2017-02-26;2017-02-26;5C;CLIB, INC, IND, INQ
86941;Journée du Jeune Régatier;78034;2017-09-24;2017-09-24;5C;CLIB, INC, IND, INQ
86943;Régate Départementale Régate du Père Noël;78034;2017-12-17;2017-12-17;5B;CLIB, INC, IND, INQ
86983;Régate de Ligue la descente de la seine;78018;2017-06-11;2017-06-11;5A;IND, INQ, OSIR
87845;Coupe Ile de France à la Mer;78012;2017-03-25;2017-03-26;5A;GSUR
87213;Régate de Bassin RUBAN BLEU;78025;2017-10-01;2017-10-01;5A;OSIR
87505;Régate de Club 1+1 Claude ROQUET;78026;2017-03-19;2017-03-19;5C;OSIR
87506;Régate Départementale Coupe des Cloches;78026;2017-04-16;2017-04-16;5B;OSIR
87507;Régate de Club Coupe de l'Ile de VAUX;78026;2017-04-30;2017-04-30;5C;OSIR
87508;Régate de Club Coupe de la Ville de Vaux;78026;2017-05-14;2017-05-14;5C;OSIR
87669;Régate de Club Senior's Cup M1;78026;2017-05-19;2017-05-19;5C;OSIR
87672;Régate de Club Senior's Cup M2;78026;2017-06-16;2017-06-16;5C;OSIR
87509;Régate de Club Femmes à la Barre;78026;2017-06-25;2017-06-25;5C;OSIR
87673;Régate de Club Senior's Cup M3;78026;2017-06-30;2017-06-30;5C;OSIR
87510;Régate Départementale La Tortue et le Lièvre;78026;2017-07-02;2017-07-02;5B;OSIR
87512;Régate Départementale Coupe des Commodores;78026;2017-09-03;2017-09-04;5B;OSIR
87674;Régate de Club Senior's Cup M4;78026;2017-09-08;2017-09-08;5C;OSIR
87675;Régate de Club Senior's Cup M5;78026;2017-09-22;2017-09-22;5C;OSIR
87666;Régate de Ligue Les 6 Heures de Vaux;78026;2017-09-24;2017-09-24;5A;OSIR
87667;Régate de Club Coupe du Secrétaire;78026;2017-10-15;2017-10-15;5C;OSIR
87668;Régate Départementale Coupe du Président;78026;2017-11-05;2017-11-05;5B;OSIR
87217;Régate Départementale Baie Hiver 5;80005;2017-03-12;2017-03-12;5B;OSIR
87218;Régate Départementale Baie Hiver 6;80005;2017-04-09;2017-04-09;5B;OSIR
87324;Régate Départementale Baie Eté 1;80005;2017-05-14;2017-05-14;5B;OSIR
87245;Régate Départementale Baie Eté 2;80005;2017-05-28;2017-05-28;5B;OSIR
87246;Régate Départementale Baie Eté 3;80005;2017-06-11;2017-06-11;5B;OSIR
87340;Femmes à la Barre 1 Femme 1 Homme;80005;2017-06-24;2017-06-24;5B;OSIR
87247;Régate Départementale Baie Eté 4;80005;2017-06-25;2017-06-25;5B;OSIR
87341;Régate Départementale Baie Solitaires;80005;2017-09-09;2017-09-09;5B;OSIR
87248;Régate Départementale Baie Eté 5;80005;2017-09-10;2017-09-10;5B;OSIR
87342;Régate Départementale Baie Solitaires remplacement;80005;2017-09-23;2017-09-23;5B;OSIR
87249;Régate Départementale Baie Eté 6;80005;2017-09-24;2017-09-24;5B;OSIR
87325;Régate Départementale Baie Hiver 1;80005;2017-10-08;2017-10-08;5B;OSIR
87327;Régate Départementale Baie Hiver 2;80005;2017-10-22;2017-10-22;5B;OSIR
87328;Régate Départementale Baie Hiver 3;80005;2017-11-05;2017-11-05;5B;OSIR
87330;Régate Départementale Baie Hiver 4;80005;2017-11-19;2017-11-19;5B;OSIR
88230;Régate de Club Corporative;83001;2017-01-19;2017-01-19;5C;OSIR
86246;Challenge des Baies du Soleil Acte 1;83001;2017-01-28;2017-01-28;5C;OSIR
86256;Tousurl'O;83001;2017-06-24;2017-06-24;5C;FCW, INC, IND, OSIR
86258;Voile d'Or;83001;2017-09-10;2017-09-11;5C;OSIR
88302;Callenge Promovoile RVI;83001;2017-09-28;2017-09-30;5C;OSIR
88325;YCB CUP;83001;2017-10-14;2017-10-14;5C;OSIR
86261;Régate du Millésime;83001;2017-12-09;2017-12-09;5C;OSIR
85672;challenge de la Baie - manche 4;83034;2017-01-14;2017-01-14;5C;OSIR
85673;challenge de la Baie - manche 5;83034;2017-02-11;2017-02-11;5C;OSIR
85675;Régate des 6 heures de Bormes;83034;2017-08-06;2017-08-06;5B;INC, IND, OSIR
86066;Régate Départementale CIC 7;83005;2017-10-21;2017-10-21;5C;IRC
86068;Régate Départementale CIC 7;83005;2017-10-21;2017-10-21;5C;ORCC
86067;Régate Départementale CIC 8;83005;2017-10-22;2017-10-22;5C;IRC
86069;Régate Départementale CIC 8;83005;2017-10-22;2017-10-22;5C;ORCC
88300;Régate TROPHEE de PORT FREJUS;83076;2017-04-01;2017-04-02;5C;OSIR
86704;Régate de Club TROPHEE de PORT FREJUS;83076;2017-04-08;2017-04-09; ;OSIR
88253;Régate de Club Challenge Marguerite;83076;2017-08-26;2017-08-26;5C;OSIR
87779;Novembre à Hyeres;83050;2017-11-03;2017-11-05;5A;IRC
87781;Championnat de France Monotypes;83050;2017-11-03;2017-11-05;5A;FC31, J80, ML24, SB20, SEAS, SUR
86986;CHALLENGE DE LA RADE DES ILES D'OR;83059;2017-01-29;2017-01-29;5C;OSIR
86209;HYERES TWIN RACE;83059;2017-03-25;2017-03-26;5A;IRC, OSIR
86216;HYERES SERIES;83059;2017-05-20;2017-05-21;5A;IRC, MON
86218;VIGNERON'S CUP;83059;2017-06-10;2017-06-11;5B;OSIR
86219;LA REGATE DES TITANS;83059;2017-09-16;2017-09-17;5C;OSIR
85737;Régate Banana's cup 2017;83017;2017-03-19;2017-03-19;5C;OSIR
85739;Régate des Deux Frères;83017;2017-08-13;2017-08-13;5C;FCW, INC, IND, OSIR
86806;Semaine de Porquerolles;83002;2017-05-25;2017-05-28;4;IRC
86807;Régate Porquerolle's cup;83002;2017-06-03;2017-06-04;5C;ORCC
87416;Régate Clair de Lune;83002;2017-09-09;2017-09-10;5C;ORCC
86327;Régate de Club CIC 5;83065;2017-03-26;2017-03-26;5B;IRC, OSIR
86329;Régate de Club Coupe du Chocolat;83065;2017-04-29;2017-04-30;5B;IRC, OSIR
86334;Régate de Club IRC en DOUBLE;83065;2017-05-20;2017-05-21;5C;IRC
86335;Régate de Club DUFOUR CUP;83065;2017-05-25;2017-05-27;5C;OSIR
86336;Régate de Club 100 MILLES EN IRC;83065;2017-06-03;2017-06-04;5B;IRC
87895;Régate de Club;83065;2017-07-01;2017-07-02;5C;OSIR
86337;Régate de Club Trophée de Port Grimaud;83065;2017-08-26;2017-08-27;5C;IRC, OSIR
86340;Régate de Club CIC 9;83065;2017-11-05;2017-11-05;5C;IRC, OSIR
87321;Régate de Ligue Du Muguet;83010;2017-05-01;2017-05-01;5C;OSIR
87352;Régate de Bassin Les Voiles d'Azur;83070;2017-04-22;2017-04-22;5C;OSIR
87353;Régate de Club Trophée Voile Golf;83070;2017-05-19;2017-05-19;5C;OSIR
86204;Challenge inter-club 3 et 4;83022;2017-02-04;2017-02-05;5C;IRC, OSIR
87557;BANANA'S CUP;83022;2017-04-09;2017-04-09;5C;INC, INQ, OSIR
87561;Coupe du Président;83022;2017-06-10;2017-06-11;5B;INC, IND, INQ, OSIR, RCB
87562;Coupe d'été;83022;2017-07-08;2017-07-09;5C;INC, IND, INQ, OSIR, RCB
87563;BERYL Cup;83022;2017-08-06;2017-08-06;5C;INC, IND, INQ, OSIR
87564;Mémorial et Souvenir LESBATS;83022;2017-09-09;2017-09-10;5B;INQ, OSIR
87566;Coupe de la Ville de Saint-Raphaël;83022;2017-10-14;2017-10-15;5A;INQ, IRC, OSIR
86092;Régate Départementale Challenge Inter Club 1+2;83023;2017-01-14;2017-01-15;5B;IRC, OSIR
86097;Festival ARMEN;83023;2017-03-04;2017-03-12;5A;CIM, IRC, OSIR
87486;Au large de Saint Tropez;83023;2017-03-16;2017-03-26; ; 
86098;Coupe de l'Hippocampe;83023;2017-04-22;2017-04-23;5B;SMER
86100;Les Bravades;83023;2017-05-14;2017-05-15;5B;CIM, IRC, OSIR
86101;Golf Voile Cup;83023;2017-05-20;2017-05-21;5C;OSIR
86102;Giraglia Rolex Cup;83023;2017-06-11;2017-06-17;3;IRC, ORCC
87493;Trophée du Bailli de Suffren;83023;2017-06-24;2017-07-05; ; 
86103;Trophée POURCHET;83023;2017-08-19;2017-08-20;5B;IRC, OSIR
86105;Les Voiles de Saint Tropez;83023;2017-10-01;2017-10-07;3;CIM, IRC
86107;Les Voiles d'Automne;83023;2017-11-11;2017-11-12;5A;IRC, OSIR
87359;Régate Départementale COUPE DE LA VILLE;83021;2017-04-02;2017-04-02;5B;IRC, OSIR
87358;Régate Départementale CHALLENGE INTERCLUBS N°6;83021;2017-05-08;2017-05-08;5B;IRC, OSIR
87360;Régate Départementale LA SOLITAIRE;83021;2017-06-25;2017-06-25;5C;IRC, OSIR
87362;Régate Départementale LE VERHUGE;83021;2017-09-03;2017-09-03;5C;IRC, OSIR
87363;Régate Départementale LA BAGAUDIERE;83021;2017-09-16;2017-09-17;5B;IRC, OSIR
87364;Régate Départementale CHALLENGE INTERCLUBS N°10;83021;2017-11-26;2017-11-26;5B;IRC, OSIR
87380;Régate de Club du Petit Phare;85003;2017-05-07;2017-05-07;5C;OSIR
87381;Critérium Départemental de Vendée en Habitable;85003;2017-06-04;2017-06-04;5A;OSIR
87382;Régate de Club des Lampions;85003;2017-07-23;2017-07-23;5C;OSIR
87383;Régate de Club de la Germon Cup;85003;2017-08-13;2017-08-13;5A;OSIR
85846;Coupe des eaux froides;85007;2017-03-12;2017-03-12;5B;OSIR
85847;Trophé Port Olona n°1;85007;2017-03-26;2017-03-26;5A;OSIR
85904;Trophé Port Olona n°2;85007;2017-04-09;2017-04-09;5A;OSIR
85902;Trophé Port Olona n°3;85007;2017-04-30;2017-04-30;5B;OSIR
85903;Trophé Port Olona n°4;85007;2017-05-14;2017-05-14;5A;OSIR
85907;Trophé Port Olona n°5;85007;2017-06-03;2017-06-05;5A;OSIR
85908;Trophé Port Olona n°6;85007;2017-06-18;2017-06-18;5B;OSIR
85915;Olona Cup;85007;2017-07-14;2017-07-16;4;650P, 650S, OSIR
85917;Rochebonne Cup;85007;2017-08-05;2017-08-06;5B;OSIR
85909;Trophé Port Olona n°7;85007;2017-09-03;2017-09-03;5A;OSIR
85910;Trophé Port Olona n°8;85007;2017-09-17;2017-09-17;5B;OSIR
85911;Trophé Port Olona n°9;85007;2017-10-01;2017-10-01;5A;OSIR
85912;Trophé Port Olona n°10;85007;2017-10-15;2017-10-15;5B;OSIR
85913;Trophé Port Olona RS;85007;2017-10-29;2017-10-29;5B;OSIR
85918;Régate Les Pieds Gelés;85007;2017-11-19;2017-11-19;5A;OSIR
87488;Solo Maître Coq;85053;2017-04-21;2017-04-30;3;FIGA
88314;Les Sables / Horta / Les Sables;85053;2017-07-02;2017-07-22; ; 
87418;Noirmoutier Classic;85038;2017-08-04;2017-08-06;5A;06JI, 08J, 12MJ, 55JI, DRA, JCH, OSIR, REQ
86527;Régate de Club Printemps;85026;2017-02-05;2017-02-05;5B;OSIR
86530;Régate de Club Printemps;85026;2017-02-19;2017-02-19;5B;OSIR
86535;Régate de Club PRINTEMPS 3;85026;2017-03-05;2017-03-05;5B;OSIR
86538;Régate de Club COUPE DE PRINTEMPS 4;85026;2017-03-19;2017-03-19;5B;OSIR
86540;Régate de Club PRINTEMPS 5;85026;2017-04-02;2017-04-02;5B;OSIR
86541;Régate de Club PRINTEMPS 6;85026;2017-04-30;2017-04-30;5B;OSIR
86543;Régate de Club TROPHEE VOILE SRIN;85026;2017-06-11;2017-06-12; ;OSIR
87456;Régate de Club TROPHEE VOILE SRIN;85026;2017-06-17;2017-06-18;5B;OSIR
87310;Course Croisière des Ports Vendéens;85026;2017-07-01;2017-07-04;3;OSIR
86546;Régate de Club AUTOMNE;85026;2017-09-30;2017-10-01;5B;OSIR
86547;Régate de Club COUPE D'AUTOMNE;85026;2017-10-15;2017-10-15;5B;OSIR
86549;Régate de Club AUTOMNE 3;85026;2017-10-29;2017-10-29;5B;OSIR
86551;Régate de Club AUTOMNE 5;85026;2017-11-26;2017-11-26;5B;OSIR
86554;Régate de Club AUTOMNE 6;85026;2017-12-10;2017-12-10;5B;OSIR
88279;Championnat de printemps J1;85002;2017-03-05;2017-03-05;5C;OSIR
88280;Championnat de printemps J2;85002;2017-03-19;2017-03-19;5B;OSIR
88281;Championnat de printemps J3;85002;2017-04-09;2017-04-09;5A;OSIR
88282;Championnat de printemps J4;85002;2017-04-23;2017-04-23;5C;OSIR
88283;Championnat de printemps J5;85002;2017-05-07;2017-05-07;5C;OSIR
88284;Championnat de printemps J6;85002;2017-05-21;2017-05-21;5B;OSIR
88285;Championnat de printemps J7;85002;2017-06-03;2017-06-03;5A;OSIR
88286;Championnat de printemps J8;85002;2017-06-05;2017-06-05;5C;OSIR
87309;Régate Nationale JOCA;85033;2017-06-08;2017-06-10;5B;GSUR
87308;Régate de Club Solitaire ou pas de Bourgenay;85033;2017-06-25;2017-06-25;5B;OSIR
87482;La Transgascogne;85033;2017-07-29;2017-08-09; ; 
85517;COUPES DU PRINTEMPS;87004;2017-04-16;2017-04-16;5C;IND, OPTI, OSIR
85518;COUPES DES MANILLES;87004;2017-04-23;2017-04-23;5C;IND, OPTI, OSIR
85519;COUPES DES HABITABLES;87004;2017-04-30;2017-04-30;5C;OSIR
85521;COUPES des SAUCISSONS;87004;2017-05-07;2017-05-07;5B;IND, OPTI, OSIR
85522;COUPES ALLIANZ;87004;2017-05-14;2017-05-14;5B;IND, OPTI, OSIR
85523;COUPES DES CAP HORNIERS;87004;2017-05-21;2017-05-21;5B;IND, OPTI, OSIR
85524;COUPES DES POULIES;87004;2017-05-28;2017-05-28;5B;IND, OPTI, OSIR
85525;63ème REGATE DE LA PORCELAINE;87004;2017-06-03;2017-06-05;5A;B293, IND, LAR, LAS, LAS4, OPTI, OSIR, RCB
85526;21ème Porcelainorum - Tour de France Micro;87004;2017-06-10;2017-06-11;4;OSIR
85636;COUPES  du LAC DE VASSIVIERE;87004;2017-06-18;2017-06-18;5B;IND, OPTI, OSIR
85637;COUPES DE PORT CROZAT;87004;2017-06-24;2017-06-25;5B;IND, OPTI, OSIR
85638;CHALLENGE DE JUILLET;87004;2017-07-02;2017-07-30;5A;IND, OPTI, OSIR
85639;CHALLENGE D'AOUT;87004;2017-08-06;2017-08-27;5A;IND, OPTI, OSIR
85640;COUPES DE LA BANQUE;87004;2017-09-02;2017-09-03;5B;IND, OPTI, OSIR
85641;COUPES EDF;87004;2017-09-10;2017-09-10;5C;IND, OPTI, OSIR
85642;COUPES DES CHAMPIGNONS;87004;2017-09-17;2017-09-17;5C;IND, OPTI, OSIR
85815;Régate de Ligue Coupe de Printemps;91011;2017-03-18;2017-03-19;5A;INQ, OSIR
87190;Régate Interligue La 4C;91011;2017-09-02;2017-09-03;5A;MON
85105;Monaco Sportboat Winter Seri;98903;2017-01-13;2017-01-15;5A;J70, ML20
85107;33e Primo Cup;98903;2017-02-02;2017-02-05;3;J70, ML20, SMER
85111;13e Palermo Monte Carlo;98903;2017-08-21;2017-08-26;5A;IRC, ORCI
85109;Monaco Classic Week;98903;2017-09-13;2017-09-17;5A;08J, 12MJ, CIM, DG12, IRC
